EnrollmentID,AttendanceRate
1325,82.0
2167,88.0
2357,98.0
2964,90.0
1534,95.0
1871,100.0
1909,94.0
2369,94.0
166,89.0
323,96.0
413,88.0
1033,86.0
2252,86.0
523,84.0
690,96.0
1606,94.0
1722,84.0
2807,86.0
1213,83.0
1426,88.0
2471,75.0
2606,70.0
450,74.0
1175,79.0
1290,71.0
1535,80.0
1591,71.0
2711,79.0
140,97.0
482,98.0
677,81.0
1700,92.0
96,87.0
1716,95.0
2082,90.0
2773,87.0
790,100.0
1543,92.0
1992,86.0
2844,83.0
17,90.0
474,79.0
992,82.0
1768,89.0
2766,86.0
99,91.0
706,79.0
1885,91.0
2219,76.0
2450,86.0
1897,89.0
2003,84.0
2016,82.0
2992,84.0
1207,100.0
1391,100.0
1410,89.0
1468,96.0
2656,85.0
2817,97.0
5,93.0
391,99.0
518,97.0
589,85.0
974,96.0
1385,99.0
613,76.0
671,71.0
1547,79.0
2664,73.0
1070,87.0
1481,83.0
2432,79.0
2974,88.0
1268,84.0
2863,88.0
328,100.0
571,99.0
1083,87.0
2008,99.0
2250,100.0
2901,96.0
213,94.0
233,84.0
726,100.0
958,93.0
1067,87.0
2062,100.0
2088,97.0
2273,100.0
2462,86.0
2678,100.0
865,77.0
1473,92.0
2217,80.0
2311,95.0
2324,77.0
185,75.0
2620,86.0
694,72.0
2513,76.0
2908,79.0
2966,64.0
2321,89.0
309,63.0
729,69.0
2630,79.0
506,94.0
621,100.0
1515,85.0
1757,95.0
1779,100.0
1970,84.0
2211,81.0
2724,67.0
562,78.0
1573,86.0
654,78.0
1510,90.0
2621,83.0
2979,78.0
278,97.0
1308,99.0
108,96.0
392,93.0
767,82.0
1098,93.0
1551,95.0
1641,82.0
2466,100.0
2670,99.0
2818,87.0
1480,86.0
1520,81.0
2091,86.0
2959,75.0
390,79.0
1525,77.0
2143,81.0
2947,69.0
82,87.0
2472,92.0
751,84.0
2012,90.0
264,87.0
1039,100.0
1243,85.0
1818,98.0
2197,100.0
2509,100.0
2759,90.0
1023,95.0
1041,87.0
1206,94.0
1233,88.0
1497,66.0
2036,80.0
821,66.0
1704,79.0
76,86.0
1022,86.0
1367,93.0
1772,97.0
573,94.0
1493,99.0
2489,83.0
2918,100.0
1991,100.0
2298,94.0
2368,98.0
2763,90.0
997,98.0
1350,96.0
2204,80.0
2350,91.0
2552,92.0
2568,94.0
2911,97.0
875,82.0
1095,93.0
1788,81.0
2107,88.0
2795,91.0
570,75.0
702,87.0
1191,88.0
2017,91.0
2038,91.0
1035,75.0
1140,72.0
1296,99.0
1494,98.0
2726,94.0
2819,87.0
504,90.0
977,100.0
1627,100.0
1787,100.0
414,95.0
829,81.0
1009,81.0
1289,86.0
1443,92.0
1540,86.0
1834,83.0
2510,87.0
2596,95.0
2760,95.0
1224,82.0
1569,93.0
1658,91.0
2754,99.0
164,74.0
953,65.0
1852,79.0
2258,68.0
2876,64.0
116,80.0
1409,71.0
2808,72.0
897,90.0
2295,84.0
2314,82.0
71,80.0
717,95.0
1934,91.0
2632,85.0
923,92.0
1000,90.0
1208,100.0
1277,85.0
1708,99.0
178,78.0
446,77.0
581,88.0
615,85.0
1004,71.0
1677,75.0
1794,68.0
37,84.0
393,77.0
607,75.0
669,81.0
1157,74.0
1607,83.0
2289,80.0
522,97.0
1726,96.0
2209,84.0
434,100.0
558,100.0
1684,100.0
1611,84.0
25,89.0
1117,91.0
101,85.0
705,87.0
1079,86.0
1594,80.0
1947,88.0
1975,96.0
2291,98.0
2614,94.0
28,88.0
1417,82.0
226,81.0
228,88.0
786,89.0
933,94.0
1681,85.0
2479,94.0
2873,92.0
1051,95.0
1833,96.0
2152,99.0
2653,86.0
2777,93.0
2978,96.0
1498,98.0
2601,82.0
2758,86.0
2897,87.0
2922,84.0
305,76.0
935,79.0
2669,71.0
530,88.0
1849,97.0
345,92.0
441,95.0
575,87.0
792,95.0
1182,75.0
2624,93.0
133,89.0
291,98.0
292,90.0
480,100.0
727,94.0
1257,85.0
1425,98.0
1942,97.0
2394,92.0
1835,91.0
2182,96.0
711,86.0
1339,78.0
1388,92.0
1548,80.0
2034,93.0
2738,77.0
327,81.0
369,91.0
373,84.0
660,100.0
761,99.0
793,94.0
1102,94.0
1162,96.0
1190,85.0
1256,91.0
1411,99.0
265,96.0
467,100.0
745,87.0
1310,97.0
1461,100.0
1255,89.0
2138,83.0
2720,91.0
451,74.0
545,84.0
593,76.0
893,87.0
283,83.0
1584,85.0
2564,99.0
2921,87.0
296,85.0
956,81.0
1924,81.0
2691,84.0
78,91.0
103,85.0
464,91.0
486,95.0
1697,85.0
1014,90.0
1263,85.0
1283,99.0
1604,87.0
2193,81.0
2767,86.0
257,90.0
1084,98.0
209,67.0
595,75.0
1082,75.0
2037,61.0
2540,68.0
1856,93.0
2343,93.0
2453,83.0
2824,85.0
784,75.0
1643,95.0
1984,95.0
2735,95.0
932,82.0
1046,77.0
1150,82.0
2458,80.0
348,80.0
972,76.0
973,88.0
2412,86.0
2599,95.0
2647,86.0
1024,85.0
64,83.0
1241,83.0
1439,93.0
1471,90.0
1527,100.0
1953,84.0
2728,90.0
2936,87.0
2976,99.0
463,94.0
1101,91.0
1373,100.0
2633,89.0
274,85.0
564,95.0
2257,95.0
826,76.0
2527,82.0
158,79.0
287,68.0
1333,77.0
1674,74.0
2686,70.0
156,83.0
1474,84.0
2065,98.0
2386,97.0
1642,100.0
2045,86.0
2322,88.0
1421,72.0
1750,73.0
2004,77.0
2040,71.0
2048,86.0
2476,85.0
2629,71.0
1377,68.0
2163,64.0
2809,79.0
2909,75.0
1218,100.0
1629,97.0
2332,100.0
2546,92.0
87,100.0
432,100.0
440,85.0
750,86.0
755,97.0
2610,91.0
1040,91.0
1148,77.0
2662,78.0
2940,93.0
215,99.0
572,81.0
999,83.0
1226,97.0
1630,87.0
1755,92.0
1773,84.0
1965,99.0
2293,97.0
2572,81.0
288,80.0
738,77.0
2268,81.0
2285,87.0
2380,92.0
2649,91.0
2770,95.0
73,77.0
388,86.0
1092,72.0
1244,78.0
2968,69.0
261,82.0
1441,90.0
1467,95.0
1805,85.0
2603,78.0
2842,94.0
1269,100.0
238,100.0
960,96.0
1505,100.0
1648,86.0
2238,91.0
2501,100.0
114,91.0
126,90.0
187,84.0
799,89.0
980,100.0
1060,100.0
1943,99.0
44,82.0
1178,76.0
2105,88.0
2272,83.0
2688,87.0
2942,92.0
722,87.0
943,99.0
1449,81.0
2406,91.0
2930,87.0
222,90.0
329,81.0
1345,77.0
1719,77.0
1748,75.0
1964,92.0
2323,83.0
2463,85.0
870,86.0
1054,85.0
1531,86.0
2263,83.0
2761,86.0
254,93.0
699,100.0
737,84.0
1353,86.0
1813,96.0
1202,92.0
2083,96.0
371,94.0
648,86.0
789,90.0
1159,82.0
1172,94.0
1416,93.0
1612,86.0
744,88.0
1177,85.0
1974,84.0
577,83.0
657,91.0
2893,98.0
2977,94.0
161,93.0
208,92.0
1127,82.0
1240,89.0
1556,96.0
2695,82.0
2884,86.0
2900,89.0
227,92.0
368,75.0
568,80.0
1923,77.0
2117,88.0
2439,81.0
2482,74.0
119,85.0
172,97.0
624,86.0
1314,83.0
1359,79.0
1944,78.0
2110,78.0
2132,78.0
1337,88.0
1451,91.0
1998,75.0
531,94.0
903,86.0
48,78.0
112,82.0
2828,74.0
2113,93.0
2232,100.0
2315,99.0
2680,84.0
2869,91.0
169,89.0
349,90.0
1165,73.0
1437,80.0
2475,82.0
747,84.0
1123,84.0
1136,85.0
1665,88.0
2508,83.0
80,72.0
196,64.0
1948,73.0
2057,66.0
2788,62.0
1949,74.0
2373,88.0
2851,81.0
175,78.0
1657,77.0
2318,95.0
210,85.0
244,83.0
606,83.0
2872,82.0
1319,92.0
97,85.0
358,79.0
964,94.0
2266,76.0
2742,92.0
1519,98.0
1524,95.0
788,97.0
1487,91.0
1730,80.0
1785,83.0
2035,86.0
864,70.0
1099,60.0
190,100.0
225,96.0
252,100.0
387,92.0
2488,96.0
2820,85.0
22,62.0
1545,63.0
2026,72.0
1042,90.0
1580,99.0
2127,100.0
2407,98.0
948,90.0
1855,83.0
2710,91.0
62,94.0
1055,76.0
674,79.0
982,73.0
1326,92.0
1362,92.0
1927,89.0
1951,74.0
1113,75.0
1363,94.0
1866,82.0
2140,85.0
842,89.0
1396,76.0
1452,80.0
2222,94.0
2392,89.0
2623,84.0
1711,75.0
2039,84.0
356,80.0
2027,64.0
2133,65.0
2478,60.0
455,91.0
927,80.0
1005,78.0
1297,83.0
2381,90.0
376,87.0
519,77.0
1884,82.0
171,92.0
203,83.0
1284,84.0
1842,99.0
1862,87.0
2158,93.0
2519,97.0
2581,81.0
2370,82.0
457,80.0
2009,91.0
625,99.0
641,93.0
680,84.0
1209,95.0
1395,94.0
2465,85.0
2914,91.0
462,72.0
587,86.0
769,88.0
775,89.0
2221,92.0
2278,79.0
2307,88.0
277,98.0
1301,100.0
1514,99.0
1832,86.0
1959,92.0
2284,92.0
2727,83.0
281,86.0
733,78.0
918,80.0
1507,77.0
2334,79.0
715,86.0
1002,78.0
1403,78.0
2529,82.0
212,60.0
1516,61.0
1850,77.0
2151,79.0
2297,74.0
2490,60.0
1369,93.0
1980,86.0
2402,88.0
2507,100.0
941,94.0
2652,87.0
375,75.0
658,65.0
835,74.0
905,73.0
1304,61.0
2074,61.0
884,89.0
1599,90.0
1939,80.0
2162,90.0
2772,97.0
2835,97.0
354,91.0
1130,98.0
1776,99.0
1926,87.0
2120,84.0
2387,81.0
565,89.0
797,82.0
1419,80.0
1550,77.0
1633,76.0
681,89.0
1889,97.0
2666,96.0
2989,100.0
27,86.0
372,100.0
475,100.0
410,94.0
862,95.0
1232,86.0
1544,90.0
2792,98.0
72,86.0
2467,88.0
2703,94.0
298,82.0
936,84.0
1096,73.0
2673,88.0
2811,79.0
200,84.0
902,96.0
1485,100.0
1646,89.0
2179,89.0
2225,91.0
2605,84.0
2821,99.0
2973,81.0
618,88.0
866,92.0
1299,80.0
1430,85.0
1450,93.0
1875,89.0
66,84.0
282,94.0
2417,93.0
991,100.0
1530,100.0
2025,98.0
2172,100.0
2269,95.0
636,84.0
718,99.0
1016,80.0
2087,94.0
2459,85.0
2702,95.0
1387,100.0
1859,94.0
239,85.0
839,100.0
1672,88.0
1727,87.0
1765,88.0
2063,91.0
2586,100.0
2712,95.0
1689,94.0
1695,99.0
1770,99.0
2534,97.0
2938,100.0
453,88.0
954,87.0
1536,100.0
2103,92.0
2276,100.0
138,76.0
559,92.0
602,79.0
2336,77.0
2481,94.0
883,76.0
2442,85.0
2542,81.0
603,89.0
1659,84.0
2422,92.0
2484,76.0
2953,84.0
201,99.0
302,85.0
498,99.0
1106,96.0
1600,82.0
1608,97.0
1956,94.0
2142,80.0
2220,80.0
2747,85.0
1479,64.0
1680,61.0
2404,76.0
850,93.0
2619,92.0
2856,91.0
317,98.0
1533,95.0
2275,84.0
2531,81.0
2560,96.0
2837,85.0
260,83.0
307,91.0
682,98.0
1037,92.0
2667,99.0
691,71.0
1075,75.0
1307,73.0
1444,66.0
63,95.0
2096,94.0
2385,95.0
2885,88.0
1266,77.0
1631,74.0
1644,77.0
231,99.0
249,88.0
1048,87.0
1305,91.0
2337,91.0
2569,95.0
1119,80.0
1763,90.0
1990,89.0
445,85.0
637,83.0
2891,77.0
2948,72.0
331,70.0
497,64.0
74,75.0
2237,78.0
2440,94.0
2635,91.0
484,80.0
1365,88.0
2090,90.0
2502,79.0
663,79.0
665,77.0
1231,61.0
1880,73.0
2436,66.0
267,81.0
2119,76.0
2495,74.0
600,99.0
921,96.0
2312,94.0
2335,98.0
524,90.0
899,81.0
1253,90.0
1502,90.0
2384,94.0
2592,94.0
2801,75.0
42,81.0
68,88.0
820,80.0
1141,87.0
1490,88.0
1566,79.0
1983,83.0
2098,88.0
2195,71.0
651,94.0
881,97.0
1312,86.0
2434,98.0
2733,90.0
380,78.0
1317,76.0
1783,76.0
2700,69.0
748,84.0
1073,86.0
1489,78.0
1799,88.0
2351,85.0
2725,79.0
2985,90.0
1898,82.0
83,88.0
684,90.0
878,100.0
1111,100.0
1413,92.0
2905,85.0
1155,79.0
275,92.0
910,97.0
2704,97.0
2802,96.0
179,75.0
1428,85.0
1044,80.0
2077,96.0
2696,85.0
1737,88.0
2870,68.0
555,75.0
704,76.0
1940,79.0
1995,77.0
2180,79.0
2281,61.0
2491,65.0
2934,60.0
551,65.0
662,78.0
1025,73.0
1717,78.0
2718,79.0
2840,72.0
90,82.0
906,80.0
1966,76.0
1976,87.0
2410,70.0
2706,68.0
316,99.0
367,88.0
945,91.0
1189,93.0
2310,88.0
2558,91.0
2744,76.0
888,93.0
2497,92.0
2613,78.0
2996,96.0
11,81.0
1841,87.0
1968,82.0
2084,94.0
2296,78.0
2427,83.0
2986,89.0
248,97.0
1400,98.0
46,75.0
561,85.0
740,69.0
2020,68.0
2931,88.0
401,83.0
2189,89.0
2047,85.0
2131,92.0
2214,87.0
2571,83.0
2867,92.0
1654,75.0
882,87.0
1620,82.0
2361,90.0
2414,91.0
2732,83.0
1330,90.0
1393,77.0
2677,90.0
2823,86.0
9,88.0
695,89.0
753,79.0
1008,86.0
1030,81.0
1736,79.0
2022,93.0
2431,87.0
2512,87.0
2612,92.0
2765,77.0
917,86.0
951,85.0
1116,92.0
2877,75.0
237,90.0
810,94.0
1819,100.0
1895,89.0
2265,87.0
2859,88.0
739,100.0
1483,95.0
2398,100.0
2988,91.0
1238,88.0
2100,80.0
2709,77.0
1572,99.0
2135,96.0
2426,100.0
1347,90.0
1786,98.0
2156,100.0
1683,84.0
2395,89.0
2409,78.0
157,79.0
439,94.0
1062,82.0
1368,80.0
2207,92.0
2399,72.0
2768,87.0
2939,92.0
540,77.0
560,81.0
1615,94.0
1718,80.0
2043,81.0
230,96.0
514,99.0
549,91.0
2521,100.0
57,95.0
192,87.0
1778,100.0
2865,100.0
163,68.0
326,69.0
492,71.0
1663,75.0
2202,69.0
1132,77.0
1360,87.0
1478,88.0
88,97.0
143,88.0
1121,81.0
1978,83.0
2187,87.0
2764,94.0
2932,86.0
2943,90.0
749,75.0
962,86.0
1158,88.0
1872,70.0
2287,81.0
110,82.0
336,90.0
2430,79.0
427,84.0
566,81.0
1836,92.0
1853,85.0
1932,89.0
2397,92.0
517,96.0
541,95.0
633,79.0
2092,78.0
151,97.0
495,86.0
1236,92.0
2294,84.0
685,80.0
1089,74.0
303,87.0
971,87.0
1581,78.0
2150,87.0
150,92.0
574,80.0
1938,73.0
2806,79.0
207,67.0
579,70.0
1052,74.0
1774,76.0
2154,74.0
2200,75.0
2838,66.0
776,100.0
2553,87.0
2575,80.0
2778,99.0
217,76.0
605,79.0
1809,75.0
1881,78.0
2264,85.0
817,81.0
877,86.0
1438,79.0
1655,91.0
2146,88.0
2637,97.0
644,91.0
1735,96.0
2692,83.0
229,95.0
1703,100.0
38,78.0
2616,69.0
2799,72.0
3,71.0
33,84.0
183,84.0
195,78.0
285,81.0
796,74.0
1420,83.0
1596,75.0
1840,68.0
2106,69.0
2178,79.0
2391,74.0
798,85.0
836,95.0
1066,85.0
1228,82.0
1292,93.0
1334,83.0
1379,79.0
100,95.0
879,90.0
1080,79.0
1242,84.0
1721,79.0
2018,76.0
300,85.0
719,100.0
1131,87.0
1501,90.0
2415,82.0
1180,70.0
1738,67.0
1844,78.0
30,78.0
1899,75.0
1215,81.0
1455,96.0
2857,83.0
152,81.0
828,96.0
889,97.0
2041,90.0
279,92.0
350,94.0
794,80.0
988,88.0
1076,92.0
1503,93.0
1699,89.0
2962,98.0
765,96.0
1272,95.0
1747,92.0
2001,100.0
2448,100.0
2585,100.0
2937,91.0
859,93.0
1105,100.0
1905,94.0
1907,92.0
223,90.0
2401,86.0
785,84.0
1135,85.0
1488,79.0
1587,81.0
1828,82.0
1878,92.0
2348,88.0
2589,84.0
2719,80.0
1920,89.0
1945,93.0
598,100.0
683,93.0
833,78.0
1260,86.0
2164,90.0
2224,82.0
2699,81.0
2800,76.0
854,82.0
1356,85.0
1390,84.0
1610,81.0
1829,82.0
1021,86.0
1118,87.0
2241,100.0
2382,94.0
234,100.0
351,100.0
569,100.0
860,100.0
1303,94.0
1678,87.0
2280,85.0
2960,100.0
347,60.0
880,80.0
1602,79.0
1921,65.0
2477,80.0
2545,66.0
2639,71.0
2682,66.0
2952,75.0
2963,78.0
403,85.0
2498,86.0
2776,80.0
2917,92.0
896,87.0
2563,77.0
2641,88.0
40,85.0
1636,84.0
1857,73.0
2781,87.0
1344,82.0
1397,94.0
1720,94.0
2644,98.0
2981,80.0
247,74.0
612,84.0
968,80.0
1383,87.0
2396,88.0
2886,81.0
2995,85.0
548,100.0
871,97.0
2245,87.0
2594,61.0
1486,82.0
1713,90.0
2136,84.0
75,73.0
1248,71.0
1341,69.0
1484,77.0
1769,79.0
2155,74.0
2375,86.0
1057,79.0
2958,83.0
436,95.0
1053,80.0
1065,85.0
1565,95.0
2769,80.0
18,85.0
1575,100.0
1918,92.0
588,95.0
634,92.0
1903,83.0
2061,90.0
2147,83.0
2750,91.0
2794,81.0
2049,84.0
2451,91.0
1335,88.0
415,91.0
1588,100.0
1941,89.0
2190,92.0
2441,88.0
2518,96.0
396,81.0
1676,86.0
2839,85.0
851,97.0
926,92.0
1861,97.0
1870,90.0
1930,90.0
2216,82.0
220,75.0
404,85.0
41,80.0
1164,91.0
1823,86.0
2066,81.0
2196,76.0
2303,76.0
2428,79.0
340,100.0
616,85.0
712,98.0
1346,96.0
1800,93.0
2144,91.0
2796,98.0
115,83.0
272,90.0
735,77.0
963,76.0
1994,76.0
2344,90.0
1019,88.0
1220,88.0
1801,84.0
1904,79.0
2929,90.0
909,96.0
1254,95.0
1280,82.0
1987,93.0
1028,78.0
1259,84.0
1321,75.0
2014,81.0
2461,74.0
557,77.0
601,95.0
649,75.0
1187,77.0
1617,92.0
419,100.0
891,83.0
1433,88.0
1793,86.0
2081,100.0
400,87.0
1081,78.0
1415,79.0
2246,77.0
599,89.0
1701,95.0
1764,89.0
162,79.0
168,92.0
2429,92.0
815,81.0
39,88.0
339,87.0
1279,82.0
1639,87.0
2165,82.0
752,61.0
2024,71.0
2044,75.0
1091,95.0
1371,83.0
2021,95.0
2355,90.0
2408,79.0
144,95.0
1171,76.0
550,87.0
1586,84.0
2089,100.0
2203,81.0
2532,99.0
2790,92.0
93,88.0
197,100.0
643,89.0
912,82.0
1234,90.0
1961,82.0
2983,93.0
487,68.0
892,79.0
1512,62.0
1638,66.0
1780,76.0
2504,80.0
2982,79.0
406,79.0
1694,91.0
2166,78.0
2783,87.0
609,68.0
1288,79.0
1491,74.0
2174,65.0
2251,79.0
2650,72.0
290,75.0
614,89.0
987,86.0
165,90.0
321,84.0
1043,86.0
1222,84.0
333,88.0
398,100.0
1170,97.0
1406,93.0
1649,100.0
1715,86.0
2054,86.0
2300,90.0
2609,86.0
58,89.0
778,87.0
98,66.0
224,67.0
1286,61.0
2205,66.0
844,74.0
1045,88.0
1647,69.0
1090,83.0
1839,87.0
2438,85.0
102,85.0
823,90.0
1114,100.0
2834,88.0
2849,81.0
1343,95.0
1560,98.0
1589,87.0
56,75.0
435,76.0
849,78.0
236,88.0
1097,90.0
1186,93.0
1710,86.0
1893,88.0
2270,81.0
488,95.0
1354,83.0
2390,84.0
2975,97.0
423,61.0
1267,68.0
1740,62.0
576,79.0
887,80.0
929,92.0
989,86.0
1613,86.0
2236,84.0
2239,82.0
2894,80.0
159,73.0
362,72.0
507,88.0
511,78.0
1896,82.0
1954,79.0
2890,89.0
808,88.0
976,99.0
1219,90.0
1318,88.0
1453,89.0
2175,96.0
2916,89.0
45,84.0
922,89.0
938,80.0
1179,87.0
2,75.0
791,91.0
2556,94.0
787,97.0
1063,98.0
1499,89.0
698,87.0
2123,91.0
2833,87.0
2928,96.0
107,95.0
407,89.0
466,88.0
1562,85.0
1645,93.0
1955,93.0
313,78.0
476,90.0
1660,86.0
2111,84.0
2283,97.0
2528,86.0
23,83.0
36,78.0
1173,69.0
2002,69.0
2080,79.0
2102,83.0
2262,75.0
2882,82.0
1635,79.0
1761,100.0
2862,94.0
1378,93.0
417,76.0
465,66.0
770,79.0
1518,72.0
1664,64.0
2208,60.0
2327,73.0
2920,62.0
142,91.0
623,80.0
1010,97.0
1124,80.0
1570,86.0
1707,90.0
1957,98.0
2539,90.0
286,80.0
1578,66.0
1901,68.0
2031,80.0
146,99.0
469,91.0
709,97.0
746,100.0
1167,95.0
1504,86.0
2099,85.0
246,84.0
425,73.0
448,90.0
779,83.0
1756,73.0
2640,92.0
421,100.0
585,96.0
1133,87.0
1194,86.0
1302,100.0
1753,100.0
2255,100.0
2755,100.0
898,87.0
2582,88.0
147,95.0
913,93.0
1775,85.0
2345,84.0
2850,84.0
424,71.0
1432,70.0
1802,60.0
2108,77.0
2338,62.0
468,89.0
1270,88.0
728,88.0
937,99.0
1229,90.0
1465,83.0
2577,93.0
2827,100.0
232,90.0
2231,87.0
2734,98.0
843,83.0
1553,90.0
2210,79.0
2256,77.0
2557,85.0
1152,92.0
1311,82.0
1732,88.0
2356,77.0
2578,85.0
2810,76.0
1568,95.0
1752,81.0
20,87.0
583,80.0
629,91.0
1195,82.0
136,85.0
802,90.0
53,90.0
742,89.0
1810,88.0
2721,100.0
2912,87.0
2290,78.0
2643,89.0
667,86.0
2069,72.0
2362,73.0
189,92.0
760,93.0
966,100.0
1690,87.0
1824,95.0
2376,83.0
1831,99.0
2618,84.0
631,80.0
838,81.0
1913,71.0
2070,81.0
418,79.0
1521,79.0
1673,79.0
2030,93.0
2694,87.0
294,89.0
547,87.0
2101,89.0
2191,100.0
2452,95.0
610,81.0
2561,85.0
2860,79.0
2896,84.0
543,82.0
2785,72.0
135,75.0
186,77.0
320,86.0
399,77.0
925,70.0
949,85.0
2698,68.0
1539,100.0
2771,93.0
1003,89.0
1670,94.0
2075,87.0
2887,98.0
199,70.0
1015,67.0
2109,69.0
2201,70.0
2486,67.0
259,94.0
724,84.0
759,81.0
1567,92.0
1656,90.0
381,92.0
1201,93.0
1702,94.0
1958,86.0
2328,95.0
2836,87.0
361,86.0
1237,98.0
2093,95.0
2184,93.0
2830,100.0
620,80.0
908,92.0
1626,77.0
1651,80.0
2185,86.0
2500,85.0
1472,71.0
1668,69.0
2602,72.0
2757,82.0
1323,74.0
1554,76.0
1571,78.0
1993,89.0
2023,86.0
2215,82.0
2319,81.0
2636,76.0
818,88.0
2715,84.0
311,95.0
366,95.0
1088,79.0
1981,92.0
825,89.0
1914,82.0
2354,76.0
2549,84.0
2511,81.0
2665,80.0
250,77.0
608,74.0
1376,68.0
1431,68.0
2013,79.0
2902,70.0
970,83.0
1583,97.0
2861,83.0
2864,94.0
757,70.0
1685,79.0
2895,80.0
1309,63.0
1973,65.0
2514,60.0
986,71.0
1107,76.0
1538,71.0
1650,74.0
1851,74.0
2814,73.0
856,83.0
1463,87.0
2121,78.0
2537,79.0
2555,86.0
832,78.0
1050,79.0
1887,91.0
2789,97.0
16,92.0
289,98.0
743,91.0
51,100.0
121,97.0
132,100.0
591,86.0
668,96.0
1816,98.0
2046,91.0
2892,95.0
1017,83.0
2060,92.0
2435,89.0
1144,84.0
2729,69.0
2845,76.0
2994,71.0
2998,75.0
632,75.0
846,91.0
2071,80.0
312,78.0
713,73.0
730,72.0
2056,87.0
2104,75.0
2274,85.0
2525,75.0
1619,80.0
1820,86.0
688,80.0
1156,82.0
1329,91.0
1879,89.0
2685,83.0
125,94.0
449,92.0
483,87.0
831,86.0
1506,89.0
1671,85.0
332,80.0
527,63.0
532,80.0
1814,79.0
2663,80.0
31,88.0
324,98.0
444,88.0
1459,86.0
1936,85.0
2480,94.0
2949,96.0
470,88.0
848,83.0
2137,87.0
2349,85.0
124,76.0
806,83.0
931,79.0
1137,90.0
1149,83.0
2944,81.0
2925,95.0
273,87.0
639,92.0
170,93.0
1001,86.0
2520,97.0
193,81.0
430,100.0
656,90.0
1424,100.0
1482,98.0
1032,75.0
1251,73.0
2991,70.0
701,89.0
857,75.0
1011,74.0
816,84.0
1146,78.0
2171,98.0
2579,90.0
2746,95.0
149,96.0
184,95.0
429,79.0
1466,93.0
1546,83.0
1555,82.0
160,80.0
243,63.0
2454,78.0
947,83.0
2826,83.0
315,94.0
357,83.0
814,92.0
1394,92.0
1767,92.0
1796,96.0
1821,94.0
2722,81.0
54,82.0
1331,99.0
2825,91.0
2980,96.0
1355,75.0
1595,93.0
2411,79.0
214,83.0
813,82.0
1185,80.0
1618,76.0
1877,72.0
1197,86.0
1837,82.0
2352,100.0
2888,98.0
52,88.0
69,80.0
92,85.0
104,82.0
1585,75.0
1790,80.0
412,95.0
546,100.0
2073,100.0
1616,85.0
1632,84.0
2972,89.0
529,90.0
1324,97.0
1682,88.0
2072,98.0
2762,84.0
8,88.0
219,83.0
494,80.0
678,76.0
2286,72.0
2658,82.0
2684,77.0
512,92.0
597,78.0
679,75.0
890,92.0
1184,72.0
1418,88.0
2403,88.0
732,94.0
454,84.0
1199,94.0
1316,81.0
2608,81.0
318,86.0
845,90.0
939,91.0
1104,92.0
1458,88.0
2739,85.0
2924,87.0
795,69.0
2945,67.0
202,88.0
499,90.0
946,88.0
1151,76.0
1781,82.0
2316,95.0
2955,89.0
915,88.0
1018,79.0
1282,86.0
1728,85.0
2903,87.0
2935,90.0
584,89.0
1204,100.0
1743,84.0
2365,89.0
2831,89.0
2915,84.0
105,87.0
1274,91.0
1327,84.0
1760,76.0
2304,73.0
2847,85.0
1434,84.0
1996,76.0
1997,74.0
378,66.0
708,64.0
1475,75.0
1846,72.0
235,93.0
473,83.0
216,81.0
377,91.0
516,95.0
626,82.0
840,91.0
1161,78.0
2288,83.0
2855,78.0
109,65.0
325,77.0
520,66.0
1276,77.0
1469,65.0
262,85.0
768,81.0
1423,89.0
416,74.0
422,63.0
490,62.0
528,75.0
819,72.0
928,73.0
1912,76.0
2780,76.0
2906,75.0
405,69.0
670,80.0
1864,77.0
2493,61.0
355,98.0
1183,85.0
1408,88.0
1579,80.0
2153,90.0
2516,92.0
2524,98.0
2797,85.0
544,88.0
822,80.0
1112,77.0
2363,93.0
2583,81.0
650,86.0
1211,82.0
1962,76.0
2551,87.0
35,88.0
493,83.0
672,100.0
1508,88.0
2260,96.0
85,85.0
1789,91.0
2503,91.0
2843,89.0
496,92.0
1858,76.0
2541,80.0
284,86.0
394,80.0
1143,78.0
2816,73.0
2192,98.0
2997,100.0
198,86.0
409,94.0
1937,97.0
2714,94.0
113,76.0
867,68.0
1071,73.0
1414,67.0
1427,68.0
293,83.0
1705,69.0
2317,86.0
81,68.0
766,71.0
1246,75.0
2648,64.0
148,73.0
1825,90.0
2464,76.0
2627,89.0
2752,72.0
617,83.0
2181,89.0
2445,84.0
2485,91.0
538,100.0
1139,100.0
1404,88.0
847,73.0
2157,74.0
2331,79.0
2473,80.0
471,83.0
1405,85.0
1758,85.0
1873,80.0
1999,96.0
2173,86.0
1869,72.0
2007,74.0
2378,82.0
2655,75.0
2697,90.0
861,93.0
1120,97.0
1442,100.0
1910,99.0
2305,88.0
2547,92.0
754,98.0
1559,93.0
2042,94.0
2751,88.0
218,93.0
1087,81.0
1203,89.0
1624,87.0
1865,92.0
2213,95.0
2292,92.0
510,77.0
692,91.0
700,72.0
2085,91.0
2846,75.0
1382,84.0
2421,87.0
2523,91.0
2717,93.0
84,83.0
950,88.0
1667,83.0
1762,82.0
2282,83.0
299,63.0
304,70.0
1605,73.0
2097,70.0
2124,63.0
2416,69.0
2437,63.0
2559,64.0
2787,79.0
385,71.0
812,87.0
868,76.0
873,78.0
1332,85.0
1380,74.0
1598,75.0
2112,77.0
2371,85.0
2389,83.0
1874,70.0
310,80.0
736,88.0
1126,77.0
1625,78.0
1688,90.0
1847,92.0
2159,87.0
2815,94.0
452,97.0
723,96.0
2233,99.0
2946,91.0
1746,80.0
1860,90.0
2628,82.0
542,83.0
1265,75.0
1447,88.0
2598,82.0
895,82.0
1069,83.0
1826,91.0
1892,89.0
2379,78.0
459,83.0
731,89.0
774,79.0
1894,77.0
2199,79.0
1109,84.0
1526,83.0
2383,82.0
1558,81.0
2565,94.0
2645,87.0
2736,87.0
2880,90.0
645,87.0
2325,100.0
2358,93.0
2548,100.0
397,75.0
1511,91.0
1513,85.0
2474,78.0
567,100.0
1271,100.0
1338,85.0
1392,85.0
2320,100.0
2626,89.0
2659,99.0
2753,94.0
2999,100.0
2306,81.0
67,89.0
1169,94.0
1470,94.0
1843,91.0
2374,96.0
2878,98.0
145,60.0
295,65.0
1061,80.0
1741,68.0
2259,63.0
128,96.0
270,99.0
384,98.0
1364,91.0
1374,100.0
2812,100.0
26,96.0
353,93.0
773,100.0
1298,99.0
2793,95.0
780,100.0
837,100.0
1436,85.0
360,75.0
876,86.0
2118,85.0
411,80.0
914,88.0
1969,90.0
2651,77.0
271,87.0
1034,90.0
2029,93.0
2308,79.0
2690,95.0
2854,90.0
337,99.0
1059,90.0
1972,87.0
2086,99.0
2326,96.0
2676,97.0
106,84.0
907,87.0
1745,91.0
2249,76.0
2969,89.0
55,97.0
1402,93.0
1712,85.0
2079,82.0
2535,79.0
2970,93.0
1808,81.0
2634,74.0
952,95.0
1723,94.0
1803,93.0
2683,95.0
65,95.0
805,95.0
1264,100.0
2494,96.0
2661,87.0
2708,89.0
1830,93.0
1902,92.0
1979,93.0
2168,93.0
2604,98.0
2889,86.0
447,100.0
1210,100.0
1845,82.0
2000,100.0
2674,100.0
1771,85.0
1890,100.0
2333,100.0
2871,90.0
4,96.0
7,100.0
513,99.0
586,93.0
1166,95.0
1448,88.0
1593,100.0
1698,98.0
1731,99.0
2126,100.0
263,85.0
1322,96.0
1357,86.0
6,88.0
1523,98.0
1,76.0
863,69.0
1225,68.0
2115,79.0
2660,77.0
330,88.0
652,84.0
1128,80.0
1422,76.0
2340,73.0
2405,84.0
2469,77.0
2580,77.0
2671,75.0
619,82.0
1812,91.0
1882,87.0
710,63.0
2148,62.0
2456,75.0
241,77.0
253,93.0
266,88.0
268,89.0
930,81.0
1294,95.0
245,75.0
628,91.0
687,85.0
2420,87.0
2731,82.0
2874,78.0
191,90.0
479,100.0
1026,99.0
1336,100.0
1640,100.0
1935,91.0
2134,100.0
979,84.0
1258,86.0
34,89.0
772,88.0
1074,79.0
1435,74.0
1950,84.0
2506,80.0
2832,86.0
59,91.0
382,100.0
1529,87.0
211,99.0
359,88.0
1221,96.0
1340,92.0
14,99.0
280,90.0
1038,96.0
1868,99.0
2235,91.0
2927,82.0
137,82.0
297,73.0
478,85.0
961,72.0
1235,87.0
1754,84.0
1971,84.0
389,87.0
659,94.0
1217,91.0
1293,100.0
1372,100.0
2068,97.0
2206,91.0
2483,93.0
627,79.0
1495,82.0
1919,78.0
2277,80.0
2533,73.0
2657,81.0
342,64.0
525,74.0
1188,65.0
1313,67.0
204,86.0
1205,96.0
1532,83.0
60,87.0
402,84.0
807,76.0
994,71.0
1577,82.0
2588,70.0
686,92.0
901,95.0
1093,77.0
1375,76.0
1628,76.0
2883,79.0
885,63.0
1500,79.0
2526,76.0
2987,69.0
725,83.0
1445,77.0
1811,76.0
24,100.0
269,88.0
458,96.0
1492,100.0
2176,97.0
721,93.0
1100,92.0
2740,83.0
206,88.0
374,81.0
1381,82.0
1929,87.0
604,99.0
967,91.0
1036,84.0
1590,96.0
2393,91.0
322,96.0
1129,87.0
1200,89.0
1817,95.0
869,82.0
2028,100.0
2309,91.0
2388,100.0
2536,90.0
2591,81.0
2805,91.0
505,92.0
920,100.0
1386,100.0
1766,95.0
1876,88.0
2279,87.0
2366,85.0
666,86.0
1147,88.0
1496,94.0
1807,84.0
2707,88.0
118,89.0
122,93.0
314,88.0
1227,100.0
1351,91.0
1989,70.0
2910,67.0
2923,76.0
29,89.0
1908,84.0
2360,83.0
2468,90.0
2116,66.0
205,96.0
408,86.0
428,82.0
1412,87.0
1806,83.0
221,91.0
1110,92.0
1614,93.0
2229,80.0
2455,93.0
1669,69.0
2067,80.0
2419,80.0
2423,78.0
2638,78.0
2668,68.0
2367,89.0
2413,90.0
1782,84.0
2183,74.0
1320,95.0
2679,84.0
1931,79.0
1977,61.0
2470,80.0
485,84.0
1103,99.0
1275,100.0
1751,100.0
2052,97.0
2313,90.0
534,74.0
1287,69.0
2342,69.0
2515,73.0
2566,62.0
1198,66.0
1804,71.0
1963,68.0
2743,78.0
2858,79.0
630,75.0
2254,75.0
1176,88.0
1679,73.0
2954,69.0
1285,61.0
1675,60.0
1691,66.0
2064,71.0
154,84.0
379,83.0
438,86.0
580,93.0
622,95.0
1094,97.0
1196,92.0
1792,83.0
2114,85.0
2418,90.0
2597,82.0
1601,85.0
1827,93.0
1906,79.0
2212,87.0
2775,93.0
1216,62.0
1306,68.0
1838,64.0
2433,77.0
177,87.0
334,92.0
827,78.0
15,81.0
985,81.0
1693,93.0
1784,83.0
1822,96.0
2745,88.0
181,82.0
242,82.0
338,79.0
533,95.0
714,75.0
756,82.0
830,79.0
1509,76.0
10,93.0
720,94.0
1988,100.0
2956,85.0
2961,99.0
123,88.0
306,92.0
343,80.0
1056,94.0
2226,95.0
2791,76.0
521,100.0
969,100.0
1446,85.0
1933,97.0
460,86.0
676,91.0
811,95.0
2841,84.0
783,87.0
983,85.0
2866,98.0
188,80.0
240,86.0
308,83.0
2347,94.0
2015,73.0
2240,66.0
180,83.0
763,76.0
1029,78.0
2723,79.0
12,91.0
341,95.0
491,85.0
1361,87.0
2169,89.0
1552,89.0
1634,100.0
1925,88.0
640,87.0
996,84.0
2006,87.0
2879,99.0
251,82.0
1013,92.0
1142,89.0
131,79.0
697,74.0
2010,71.0
2223,85.0
824,86.0
1047,87.0
1549,94.0
1603,88.0
2543,87.0
2716,79.0
431,74.0
437,82.0
1020,76.0
2346,68.0
95,97.0
1537,82.0
2139,86.0
2593,99.0
689,100.0
2094,97.0
2228,100.0
477,82.0
553,89.0
841,93.0
1006,100.0
1125,83.0
1744,82.0
117,68.0
426,74.0
536,76.0
1709,86.0
2804,75.0
1163,79.0
1440,62.0
1592,60.0
2299,69.0
539,86.0
2377,75.0
2499,88.0
2713,76.0
2748,83.0
2749,81.0
853,81.0
352,84.0
461,82.0
1160,77.0
2672,76.0
61,93.0
998,97.0
1342,86.0
1706,83.0
89,76.0
276,88.0
1278,86.0
2687,85.0
2881,82.0
2967,73.0
1153,81.0
1252,98.0
2253,89.0
127,86.0
638,86.0
1389,92.0
1692,94.0
1867,98.0
978,88.0
1181,84.0
2784,82.0
174,84.0
904,98.0
2033,83.0
2076,97.0
2128,95.0
2145,97.0
2950,81.0
2339,95.0
2492,100.0
2993,86.0
758,97.0
1027,93.0
2177,99.0
2689,100.0
1661,79.0
2005,82.0
2642,82.0
43,86.0
173,85.0
1687,93.0
1739,85.0
2095,82.0
2248,76.0
2926,94.0
258,84.0
1725,94.0
2170,97.0
655,87.0
696,99.0
940,86.0
1230,83.0
1791,88.0
2194,92.0
19,87.0
2130,79.0
2227,95.0
647,93.0
957,96.0
2538,94.0
2590,100.0
2875,96.0
442,69.0
646,69.0
803,81.0
120,83.0
1064,84.0
2530,93.0
2600,82.0
