EnrollmentID,StudentID,CourseID,Status
1,6681,1553,Enrolled
2,6460,2066,Enrolled
3,5533,1295,Enrolled
4,7608,2471,Enrolled
5,2127,1188,Enrolled
6,9615,710,Enrolled
7,7608,1203,Enrolled
8,4010,408,Enrolled
9,5813,2985,Enrolled
10,7211,2385,Enrolled
11,1613,1659,Enrolled
12,5046,2467,Enrolled
13,2262,3203,Waitlist
14,5127,755,Enrolled
15,2256,1213,Enrolled
16,9908,2958,Enrolled
17,4139,872,Enrolled
18,8161,917,Enrolled
19,7701,1858,Enrolled
20,2995,2962,Enrolled
21,3539,2654,Waitlist
22,4974,1537,Enrolled
23,8842,1279,Enrolled
24,7297,1765,Enrolled
25,9165,827,Enrolled
26,7581,2978,Enrolled
27,2388,1725,Enrolled
28,9022,1328,Enrolled
29,3016,3275,Enrolled
30,5314,1882,Enrolled
31,2770,2364,Enrolled
32,1193,1615,Waitlist
33,5533,2304,Enrolled
34,4105,3380,Enrolled
35,3213,2103,Enrolled
36,8842,1992,Enrolled
37,7594,2465,Enrolled
38,3561,2578,Enrolled
39,7266,255,Enrolled
40,8490,2962,Enrolled
41,5150,613,Enrolled
42,3137,436,Enrolled
43,3638,906,Enrolled
44,7077,280,Enrolled
45,4361,2606,Enrolled
46,9303,1800,Enrolled
47,3744,2804,Waitlist
48,7464,2987,Enrolled
49,1058,2593,Waitlist
50,3470,78,Waitlist
51,3243,491,Enrolled
52,7928,589,Enrolled
53,9857,1869,Enrolled
54,7914,3288,Enrolled
55,5049,1683,Enrolled
56,5659,2037,Enrolled
57,2699,703,Enrolled
58,2477,1604,Enrolled
59,1245,2327,Enrolled
60,8688,1567,Enrolled
61,3461,2192,Enrolled
62,5216,1774,Enrolled
63,5584,1858,Enrolled
64,7697,1633,Enrolled
65,4325,383,Enrolled
66,9019,1931,Enrolled
67,4696,2715,Enrolled
68,3137,518,Enrolled
69,7928,1396,Enrolled
70,2116,330,Waitlist
71,9561,2922,Enrolled
72,8939,2550,Enrolled
73,8840,903,Enrolled
74,2989,1914,Enrolled
75,7782,3038,Enrolled
76,7906,2982,Enrolled
77,1067,1971,Waitlist
78,5186,2394,Enrolled
79,1370,2206,Waitlist
80,3875,2414,Enrolled
81,2043,1292,Enrolled
82,4919,941,Enrolled
83,2715,289,Enrolled
84,3328,540,Enrolled
85,8139,1337,Enrolled
86,1273,2475,Waitlist
87,8685,2905,Enrolled
88,6952,3279,Enrolled
89,1035,1139,Enrolled
90,2970,2162,Enrolled
91,1994,2220,Waitlist
92,7928,1294,Enrolled
93,5653,1882,Enrolled
94,3293,1041,Waitlist
95,1022,2551,Enrolled
96,8177,3010,Enrolled
97,1372,218,Enrolled
98,9383,307,Enrolled
99,1821,3123,Enrolled
100,7637,925,Enrolled
101,4122,3132,Enrolled
102,5009,1644,Enrolled
103,5186,2854,Enrolled
104,7928,3161,Enrolled
105,5312,1043,Enrolled
106,3855,3254,Enrolled
107,8304,739,Enrolled
108,2746,1198,Enrolled
109,3916,319,Enrolled
110,7437,2259,Enrolled
111,5150,1344,Waitlist
112,7464,3254,Enrolled
113,3148,885,Enrolled
114,3068,3304,Enrolled
115,8187,3167,Enrolled
116,8216,282,Enrolled
117,4077,2791,Enrolled
118,8279,550,Enrolled
119,1436,2064,Enrolled
120,7636,166,Enrolled
121,3243,3003,Enrolled
122,8279,922,Enrolled
123,5337,1214,Enrolled
124,2253,3129,Enrolled
125,3764,2562,Enrolled
126,3068,1453,Enrolled
127,7301,548,Enrolled
128,1897,1698,Enrolled
129,7637,378,Waitlist
130,9882,2975,Waitlist
131,4015,1531,Enrolled
132,3243,3057,Enrolled
133,2035,1775,Enrolled
134,8618,683,Waitlist
135,9804,49,Enrolled
136,3915,3368,Enrolled
137,2300,2477,Enrolled
138,5065,1048,Enrolled
139,5312,258,Waitlist
140,9837,2178,Enrolled
141,8304,1020,Waitlist
142,9098,3350,Enrolled
143,6952,1439,Enrolled
144,8373,2660,Enrolled
145,1456,3225,Enrolled
146,5989,1656,Enrolled
147,7303,3180,Enrolled
148,6820,1014,Enrolled
149,2552,1282,Enrolled
150,9691,2663,Enrolled
151,6876,2486,Enrolled
152,1916,1837,Enrolled
153,4734,495,Waitlist
154,5544,1224,Enrolled
155,4264,1206,Waitlist
156,6517,1289,Enrolled
157,3508,2917,Enrolled
158,4711,3353,Enrolled
159,7488,2521,Enrolled
160,5945,1793,Enrolled
161,7563,1686,Enrolled
162,4817,3307,Enrolled
163,6664,3384,Enrolled
164,8753,2600,Enrolled
165,9530,1119,Enrolled
166,8573,2907,Enrolled
167,2181,1288,Waitlist
168,4817,1204,Enrolled
169,4972,32,Enrolled
170,6591,2,Enrolled
171,7288,1660,Enrolled
172,1436,2300,Enrolled
173,3638,759,Enrolled
174,8443,3249,Enrolled
175,2279,3379,Enrolled
176,6175,2114,Waitlist
177,5425,2636,Enrolled
178,2169,1301,Enrolled
179,1893,1703,Enrolled
180,2005,544,Enrolled
181,7946,778,Enrolled
182,3902,1394,Waitlist
183,5533,1518,Enrolled
184,2552,410,Enrolled
185,7267,247,Enrolled
186,9804,1093,Enrolled
187,3068,419,Enrolled
188,8031,1444,Enrolled
189,8898,587,Enrolled
190,8854,460,Enrolled
191,4305,1235,Enrolled
192,2699,1530,Enrolled
193,4844,699,Enrolled
194,3848,423,Waitlist
195,5533,2471,Enrolled
196,3875,2093,Enrolled
197,5653,3188,Enrolled
198,6633,2570,Enrolled
199,8454,1938,Enrolled
200,3755,477,Enrolled
201,7939,2339,Enrolled
202,8506,2998,Enrolled
203,7288,3262,Enrolled
204,7233,437,Enrolled
205,2460,2869,Enrolled
206,5249,1236,Enrolled
207,1653,49,Enrolled
208,7563,1176,Enrolled
209,6928,804,Enrolled
210,2904,1221,Enrolled
211,1719,3265,Enrolled
212,5139,3297,Enrolled
213,6862,2615,Enrolled
214,2479,1303,Enrolled
215,9576,1926,Enrolled
216,4463,2978,Enrolled
217,2181,352,Enrolled
218,3364,751,Enrolled
219,4010,666,Enrolled
220,9538,1013,Enrolled
221,6092,3199,Enrolled
222,3114,545,Enrolled
223,2642,2093,Enrolled
224,9383,1981,Enrolled
225,8854,45,Enrolled
226,7325,415,Enrolled
227,4261,2003,Enrolled
228,7325,1478,Enrolled
229,5748,3269,Enrolled
230,2659,1154,Enrolled
231,5778,3047,Enrolled
232,5780,3054,Enrolled
233,6862,1213,Enrolled
234,4610,2292,Enrolled
235,8439,3004,Enrolled
236,4425,562,Enrolled
237,3470,3034,Enrolled
238,3730,2629,Enrolled
239,5489,976,Enrolled
240,8031,2727,Enrolled
241,6359,1922,Enrolled
242,7946,2012,Enrolled
243,5945,2552,Enrolled
244,2904,1078,Enrolled
245,8242,1389,Enrolled
246,2022,2336,Enrolled
247,8749,158,Enrolled
248,4734,3149,Enrolled
249,5778,3373,Enrolled
250,3986,2855,Enrolled
251,9741,2556,Enrolled
252,8854,709,Enrolled
253,6359,1372,Enrolled
254,1674,2254,Enrolled
255,5753,2021,Waitlist
256,2396,2160,Waitlist
257,7626,1983,Enrolled
258,7350,1948,Enrolled
259,6503,2985,Enrolled
260,5777,1005,Enrolled
261,4060,492,Enrolled
262,2975,2113,Enrolled
263,2138,1204,Enrolled
264,7812,2208,Enrolled
265,3535,1627,Enrolled
266,6359,1911,Enrolled
267,9614,1134,Enrolled
268,6359,2612,Enrolled
269,7297,1803,Enrolled
270,1897,1604,Enrolled
271,7558,3210,Enrolled
272,8187,1013,Enrolled
273,6779,713,Enrolled
274,3112,640,Enrolled
275,7705,3246,Enrolled
276,1035,2326,Enrolled
277,2387,3193,Enrolled
278,8461,518,Enrolled
279,9706,3363,Enrolled
280,5127,1894,Enrolled
281,3390,3320,Enrolled
282,9019,1610,Enrolled
283,7785,2019,Enrolled
284,6469,1136,Enrolled
285,5533,467,Enrolled
286,8421,2911,Enrolled
287,4711,2901,Enrolled
288,6447,256,Enrolled
289,9908,679,Enrolled
290,4804,2788,Enrolled
291,6942,749,Enrolled
292,6942,1853,Enrolled
293,8911,2305,Enrolled
294,3185,2096,Enrolled
295,1456,183,Enrolled
296,9633,632,Enrolled
297,2300,2548,Enrolled
298,8272,3154,Enrolled
299,2106,429,Enrolled
300,7430,1165,Enrolled
301,6152,157,Waitlist
302,7939,2387,Enrolled
303,4063,3002,Enrolled
304,2106,750,Enrolled
305,2747,1918,Enrolled
306,5337,805,Enrolled
307,5777,1967,Enrolled
308,8031,1222,Enrolled
309,8149,542,Enrolled
310,2450,1241,Enrolled
311,9714,1638,Enrolled
312,5617,1127,Enrolled
313,2593,2221,Enrolled
314,8279,636,Enrolled
315,7649,2400,Enrolled
316,4308,946,Enrolled
317,5444,126,Enrolled
318,1231,2241,Enrolled
319,7303,2804,Waitlist
320,9804,468,Enrolled
321,9530,2531,Enrolled
322,8961,317,Enrolled
323,8573,2286,Enrolled
324,2770,983,Enrolled
325,3916,1250,Enrolled
326,6664,2731,Enrolled
327,8433,2505,Enrolled
328,3442,3376,Enrolled
329,3114,1966,Enrolled
330,8501,1547,Enrolled
331,3848,1539,Enrolled
332,5563,115,Enrolled
333,7347,201,Enrolled
334,5425,1468,Enrolled
335,3855,563,Waitlist
336,7437,2035,Enrolled
337,8215,1952,Enrolled
338,7946,1803,Enrolled
339,7266,1064,Enrolled
340,3539,532,Enrolled
341,5046,1170,Enrolled
342,1324,1705,Enrolled
343,5337,2077,Enrolled
344,8848,3031,Waitlist
345,3695,2179,Enrolled
346,6098,648,Waitlist
347,5706,2422,Enrolled
348,9307,2339,Enrolled
349,4972,525,Enrolled
350,9706,2323,Enrolled
351,4610,1091,Enrolled
352,6906,1819,Enrolled
353,7581,952,Enrolled
354,1370,2382,Enrolled
355,5073,3187,Enrolled
356,6807,204,Enrolled
357,7649,2098,Enrolled
358,1372,426,Enrolled
359,1719,1129,Enrolled
360,6098,3268,Enrolled
361,5041,1493,Enrolled
362,7488,2141,Enrolled
363,8618,834,Waitlist
364,5216,2496,Waitlist
365,5480,1109,Waitlist
366,9714,552,Enrolled
367,4308,1528,Enrolled
368,4261,3294,Enrolled
369,8433,1854,Enrolled
370,4677,2437,Waitlist
371,8202,1404,Enrolled
372,2388,2027,Enrolled
373,8433,1302,Enrolled
374,2052,3117,Enrolled
375,8303,389,Enrolled
376,8790,717,Enrolled
377,4463,1775,Enrolled
378,1067,521,Enrolled
379,5544,2785,Enrolled
380,6026,696,Enrolled
381,3804,1773,Enrolled
382,1245,2210,Enrolled
383,3148,2063,Waitlist
384,1897,583,Enrolled
385,8786,2297,Enrolled
386,9837,1284,Waitlist
387,8854,3253,Enrolled
388,8840,1697,Enrolled
389,1388,3387,Enrolled
390,9976,2313,Enrolled
391,2127,1206,Enrolled
392,2746,1694,Enrolled
393,7594,641,Enrolled
394,6469,1158,Enrolled
395,8681,1260,Waitlist
396,2314,2071,Enrolled
397,2270,1533,Enrolled
398,7347,3327,Enrolled
399,9804,424,Enrolled
400,2728,1987,Enrolled
401,6640,1825,Enrolled
402,8688,636,Enrolled
403,3994,1707,Enrolled
404,9538,3017,Enrolled
405,4053,534,Enrolled
406,9212,2523,Enrolled
407,8304,1210,Enrolled
408,2460,1908,Enrolled
409,6633,496,Enrolled
410,7852,725,Enrolled
411,1939,1888,Enrolled
412,6947,1773,Enrolled
413,8573,3033,Enrolled
414,1166,759,Enrolled
415,9086,866,Enrolled
416,9021,1759,Enrolled
417,3886,2010,Enrolled
418,2742,1052,Enrolled
419,4784,75,Enrolled
420,8501,2071,Waitlist
421,8073,2411,Enrolled
422,9021,3232,Enrolled
423,4396,1151,Enrolled
424,9220,3331,Enrolled
425,2022,3134,Enrolled
426,4077,157,Enrolled
427,8381,2037,Enrolled
428,2460,287,Enrolled
429,2552,2827,Enrolled
430,4844,1738,Enrolled
431,5781,2794,Enrolled
432,8685,1738,Enrolled
433,3972,436,Waitlist
434,8451,2736,Enrolled
435,5659,883,Enrolled
436,8816,425,Enrolled
437,5781,1702,Enrolled
438,5544,122,Enrolled
439,3508,2499,Enrolled
440,8685,2584,Enrolled
441,3695,2733,Enrolled
442,2787,2640,Enrolled
443,1685,2830,Waitlist
444,2770,2010,Enrolled
445,4522,1867,Enrolled
446,2169,336,Enrolled
447,4728,2607,Enrolled
448,2022,2326,Enrolled
449,3764,622,Enrolled
450,2040,2162,Enrolled
451,1861,1292,Enrolled
452,9877,516,Enrolled
453,3293,1746,Enrolled
454,4677,1899,Enrolled
455,5914,2340,Enrolled
456,7093,3265,Waitlist
457,4043,1709,Enrolled
458,7297,2627,Enrolled
459,5990,2135,Enrolled
460,1095,1401,Enrolled
461,6906,3335,Enrolled
462,2468,3176,Enrolled
463,5128,2526,Enrolled
464,5186,3231,Enrolled
465,3886,706,Enrolled
466,8304,1772,Enrolled
467,3535,2054,Enrolled
468,5017,3387,Enrolled
469,5989,2273,Enrolled
470,2117,3017,Enrolled
471,7627,1146,Enrolled
472,5059,725,Waitlist
473,8439,3230,Enrolled
474,4139,899,Enrolled
475,2388,1825,Enrolled
476,2593,3234,Enrolled
477,3550,633,Enrolled
478,2300,595,Enrolled
479,4305,1499,Enrolled
480,6942,299,Enrolled
481,8681,1506,Waitlist
482,9837,1181,Enrolled
483,3764,1337,Enrolled
484,1699,2034,Enrolled
485,2922,2835,Enrolled
486,5186,2653,Enrolled
487,6465,1837,Enrolled
488,9069,620,Enrolled
489,1206,2266,Waitlist
490,9021,3381,Enrolled
491,5046,3139,Enrolled
492,6664,192,Enrolled
493,3213,892,Enrolled
494,4010,2431,Enrolled
495,6876,788,Enrolled
496,8295,1859,Enrolled
497,3848,2461,Enrolled
498,7939,2357,Enrolled
499,8506,739,Enrolled
500,8814,1474,Waitlist
501,1474,2815,Waitlist
502,3539,2198,Waitlist
503,3461,1012,Waitlist
504,1470,2374,Enrolled
505,3275,2534,Enrolled
506,6967,1216,Enrolled
507,7488,2553,Enrolled
508,4014,2780,Waitlist
509,2770,388,Waitlist
510,1534,2145,Enrolled
511,7488,215,Enrolled
512,3585,12,Enrolled
513,7608,2402,Enrolled
514,2659,464,Enrolled
515,8342,354,Waitlist
516,4463,532,Enrolled
517,7859,1625,Enrolled
518,2127,1752,Enrolled
519,8790,2103,Enrolled
520,3916,733,Enrolled
521,8999,775,Enrolled
522,8708,735,Enrolled
523,5386,2375,Enrolled
524,1621,1048,Enrolled
525,1324,1770,Enrolled
526,2841,3196,Waitlist
527,5563,3115,Enrolled
528,9021,1556,Enrolled
529,1555,1674,Enrolled
530,2476,1059,Enrolled
531,8932,298,Enrolled
532,5563,3321,Enrolled
533,7946,2842,Enrolled
534,5959,386,Enrolled
535,9647,1265,Waitlist
536,4077,1161,Enrolled
537,7430,2765,Waitlist
538,3257,3215,Enrolled
539,1019,2186,Enrolled
540,6416,2067,Enrolled
541,7859,515,Enrolled
542,7672,3375,Enrolled
543,4144,2809,Enrolled
544,7766,2553,Enrolled
545,1861,2039,Enrolled
546,6947,1073,Enrolled
547,3185,1416,Enrolled
548,5663,198,Enrolled
549,2659,2133,Enrolled
550,9991,9,Enrolled
551,5896,1281,Enrolled
552,1897,1634,Waitlist
553,3550,2410,Enrolled
554,5186,2447,Waitlist
555,4727,1544,Enrolled
556,4308,2143,Waitlist
557,1214,1026,Enrolled
558,8451,1124,Enrolled
559,5065,2724,Enrolled
560,6416,2688,Enrolled
561,9303,197,Enrolled
562,8618,847,Enrolled
563,2746,2544,Waitlist
564,3112,3016,Enrolled
565,8037,1386,Enrolled
566,8381,3234,Enrolled
567,3044,1704,Enrolled
568,4261,909,Enrolled
569,4610,2502,Enrolled
570,9289,1688,Enrolled
571,3442,3177,Enrolled
572,9576,2776,Enrolled
573,1508,2260,Enrolled
574,9691,1498,Enrolled
575,3695,1410,Enrolled
576,5168,1904,Enrolled
577,5681,1234,Enrolled
578,7267,3360,Waitlist
579,1653,1050,Enrolled
580,5544,2723,Enrolled
581,2169,359,Enrolled
582,8031,417,Waitlist
583,2995,2125,Enrolled
584,3323,2312,Enrolled
585,8073,1815,Enrolled
586,7608,1914,Enrolled
587,2468,2508,Enrolled
588,9464,2580,Enrolled
589,2127,2088,Enrolled
590,5905,2893,Waitlist
591,3243,2782,Enrolled
592,3148,72,Waitlist
593,1861,945,Enrolled
594,3323,1147,Waitlist
595,6928,3272,Enrolled
596,2388,990,Waitlist
597,3585,3092,Enrolled
598,4304,1315,Enrolled
599,9747,1867,Enrolled
600,1462,272,Enrolled
601,1214,1330,Enrolled
602,5065,3280,Enrolled
603,1273,2136,Enrolled
604,1685,1063,Enrolled
605,2181,69,Enrolled
606,2904,2555,Enrolled
607,7594,583,Enrolled
608,3986,1738,Enrolled
609,3248,2674,Enrolled
610,5648,3118,Enrolled
611,4077,65,Waitlist
612,8749,657,Enrolled
613,5905,1141,Enrolled
614,4014,741,Enrolled
615,2169,1566,Enrolled
616,3539,225,Enrolled
617,2817,2104,Enrolled
618,5305,929,Enrolled
619,9810,685,Enrolled
620,1724,2381,Enrolled
621,6967,729,Enrolled
622,5544,2953,Enrolled
623,9098,2852,Enrolled
624,1436,2180,Enrolled
625,2674,1791,Enrolled
626,4463,663,Enrolled
627,4644,1907,Enrolled
628,8242,1782,Enrolled
629,2995,2319,Enrolled
630,7640,1904,Enrolled
631,1750,3171,Enrolled
632,3630,2622,Enrolled
633,7859,2928,Enrolled
634,9464,2902,Enrolled
635,8961,3053,Waitlist
636,8511,1492,Enrolled
637,4522,3281,Enrolled
638,7301,2117,Enrolled
639,6779,2367,Enrolled
640,4160,1239,Enrolled
641,2674,3198,Enrolled
642,6952,1037,Waitlist
643,5653,392,Enrolled
644,2938,805,Enrolled
645,5473,2624,Enrolled
646,2787,422,Enrolled
647,3592,172,Enrolled
648,8202,2510,Enrolled
649,1214,939,Enrolled
650,2866,710,Enrolled
651,8157,2843,Enrolled
652,8501,80,Enrolled
653,9254,1306,Waitlist
654,2530,201,Enrolled
655,2116,600,Enrolled
656,4844,243,Enrolled
657,5681,335,Enrolled
658,8303,2911,Enrolled
659,1388,1165,Enrolled
660,8433,1375,Enrolled
661,2642,1934,Waitlist
662,5896,3250,Enrolled
663,5835,7,Enrolled
664,3585,1252,Waitlist
665,5835,2627,Enrolled
666,9436,1877,Enrolled
667,7411,1110,Enrolled
668,3243,1780,Enrolled
669,7594,1653,Enrolled
670,4053,817,Enrolled
671,5905,707,Enrolled
672,3213,175,Enrolled
673,2552,800,Waitlist
674,9882,744,Enrolled
675,2723,281,Waitlist
676,1095,1418,Enrolled
677,9837,2684,Enrolled
678,4010,1598,Enrolled
679,3585,3228,Enrolled
680,2674,1491,Enrolled
681,7367,3051,Enrolled
682,5777,1189,Enrolled
683,6893,508,Enrolled
684,2715,2989,Enrolled
685,1769,2151,Enrolled
686,7113,1216,Enrolled
687,8242,2305,Enrolled
688,2723,2329,Enrolled
689,7258,2535,Enrolled
690,5386,897,Enrolled
691,6488,2808,Enrolled
692,1534,367,Enrolled
693,5105,2862,Waitlist
694,1387,2173,Enrolled
695,5813,3036,Enrolled
696,2116,39,Enrolled
697,4015,3317,Enrolled
698,5440,1756,Enrolled
699,1674,2016,Enrolled
700,1534,1571,Enrolled
701,6504,1309,Enrolled
702,9289,943,Enrolled
703,1555,21,Waitlist
704,4727,1519,Enrolled
705,4122,244,Enrolled
706,1821,2449,Enrolled
707,7266,2365,Waitlist
708,1067,3389,Enrolled
709,5989,1303,Enrolled
710,9264,3022,Enrolled
711,6931,399,Enrolled
712,3539,2330,Enrolled
713,5617,613,Enrolled
714,7946,2858,Enrolled
715,7224,2939,Enrolled
716,7666,1346,Waitlist
717,9561,40,Enrolled
718,8511,1439,Enrolled
719,7430,33,Enrolled
720,7211,3002,Enrolled
721,3981,1580,Enrolled
722,8311,80,Enrolled
723,9877,1109,Enrolled
724,6503,2500,Enrolled
725,5281,2275,Enrolled
726,6862,2867,Enrolled
727,6942,1817,Enrolled
728,3744,2722,Enrolled
729,8149,1093,Enrolled
730,5617,1850,Enrolled
731,5990,790,Enrolled
732,5270,3183,Enrolled
733,3390,1264,Enrolled
734,8688,1685,Waitlist
735,8187,108,Enrolled
736,2450,3333,Enrolled
737,1674,1215,Enrolled
738,6447,3056,Enrolled
739,2324,859,Enrolled
740,9303,360,Enrolled
741,7363,609,Waitlist
742,9857,1366,Enrolled
743,9908,63,Enrolled
744,6658,1434,Enrolled
745,3535,2184,Enrolled
746,5989,3358,Enrolled
747,5676,2649,Enrolled
748,4619,1838,Enrolled
749,2741,3005,Enrolled
750,8685,1604,Enrolled
751,3267,2364,Enrolled
752,3509,2597,Enrolled
753,5813,3317,Enrolled
754,7751,1781,Enrolled
755,8685,3387,Enrolled
756,7946,2611,Enrolled
757,6915,2375,Enrolled
758,2776,1771,Enrolled
759,6503,206,Enrolled
760,8898,2007,Enrolled
761,2099,2061,Enrolled
762,1745,906,Waitlist
763,2005,509,Enrolled
764,6500,2071,Waitlist
765,9553,3153,Enrolled
766,2043,901,Enrolled
767,2746,32,Enrolled
768,2975,2034,Enrolled
769,2468,2373,Enrolled
770,3886,1314,Enrolled
771,2730,2328,Waitlist
772,4105,2852,Enrolled
773,7581,381,Enrolled
774,5990,2238,Enrolled
775,2468,1403,Enrolled
776,9814,565,Enrolled
777,7224,17,Waitlist
778,2477,513,Enrolled
779,2022,1338,Enrolled
780,8014,2405,Enrolled
781,1715,1559,Waitlist
782,3981,2407,Waitlist
783,8027,2178,Enrolled
784,3902,2982,Enrolled
785,2492,2116,Enrolled
786,7325,3394,Enrolled
787,6257,2422,Enrolled
788,4948,1944,Enrolled
789,8202,3091,Enrolled
790,4510,1576,Enrolled
791,6460,2403,Enrolled
792,3695,2287,Enrolled
793,2099,2957,Enrolled
794,9706,3378,Enrolled
795,5717,1308,Enrolled
796,5533,1304,Enrolled
797,8037,1142,Enrolled
798,3879,2911,Enrolled
799,3068,1912,Enrolled
800,9615,3101,Waitlist
801,4261,2725,Waitlist
802,3915,909,Enrolled
803,2787,1446,Enrolled
804,6622,1218,Waitlist
805,4325,1421,Enrolled
806,2253,35,Enrolled
807,8688,129,Enrolled
808,9192,607,Enrolled
809,7637,1867,Waitlist
810,3470,3355,Enrolled
811,1095,3385,Enrolled
812,8786,1609,Enrolled
813,2479,3145,Enrolled
814,7649,2864,Enrolled
815,8905,351,Enrolled
816,2234,2352,Enrolled
817,2154,2352,Enrolled
818,6989,2917,Enrolled
819,9021,2217,Enrolled
820,3137,2012,Enrolled
821,9751,2066,Enrolled
822,7766,1025,Enrolled
823,5009,1772,Enrolled
824,9254,520,Enrolled
825,5803,150,Enrolled
826,9331,1949,Enrolled
827,5425,2477,Enrolled
828,1916,3139,Enrolled
829,1166,1966,Enrolled
830,7946,2847,Enrolled
831,3764,3312,Enrolled
832,1798,3255,Enrolled
833,6893,2065,Enrolled
834,9633,2539,Waitlist
835,8303,2301,Enrolled
836,3879,89,Enrolled
837,8014,2452,Enrolled
838,1750,2936,Enrolled
839,5489,2572,Enrolled
840,4463,2803,Enrolled
841,3550,114,Enrolled
842,8993,3041,Enrolled
843,7222,2774,Enrolled
844,3656,3110,Enrolled
845,1231,453,Enrolled
846,3630,3345,Enrolled
847,9647,960,Enrolled
848,2117,3303,Enrolled
849,5659,307,Enrolled
850,2262,828,Enrolled
851,1206,1829,Enrolled
852,9220,3047,Waitlist
853,2841,1234,Enrolled
854,9482,2270,Enrolled
855,2117,81,Waitlist
856,8593,3233,Enrolled
857,6504,1360,Enrolled
858,4077,3138,Waitlist
859,6175,1947,Enrolled
860,4610,131,Enrolled
861,8424,1561,Enrolled
862,7852,179,Enrolled
863,6681,1969,Enrolled
864,1844,856,Enrolled
865,3900,3040,Enrolled
866,5305,1105,Enrolled
867,3148,2888,Enrolled
868,8786,150,Enrolled
869,7528,2002,Enrolled
870,9234,1536,Enrolled
871,5663,2483,Enrolled
872,6779,2739,Waitlist
873,8786,1640,Enrolled
874,5059,3325,Waitlist
875,2669,1128,Enrolled
876,6098,934,Enrolled
877,2154,708,Enrolled
878,2715,2034,Enrolled
879,7637,2157,Enrolled
880,5706,3369,Enrolled
881,8157,1346,Enrolled
882,9148,2810,Enrolled
883,1894,1540,Enrolled
884,5840,908,Enrolled
885,3660,977,Enrolled
886,8242,1356,Waitlist
887,5168,324,Enrolled
888,2730,944,Enrolled
889,1916,628,Enrolled
890,3585,841,Enrolled
891,4784,3266,Enrolled
892,6465,1318,Enrolled
893,1861,2941,Enrolled
894,5989,2158,Waitlist
895,7676,1432,Enrolled
896,1887,3259,Enrolled
897,3485,389,Enrolled
898,3200,49,Enrolled
899,1621,993,Enrolled
900,4610,1209,Waitlist
901,7113,2369,Enrolled
902,3755,1191,Enrolled
903,8932,326,Enrolled
904,8443,2607,Enrolled
905,8303,2540,Enrolled
906,2970,2384,Enrolled
907,3855,2082,Enrolled
908,1724,1206,Enrolled
909,4039,1806,Enrolled
910,7705,2269,Enrolled
911,9264,2113,Waitlist
912,5653,773,Enrolled
913,7303,255,Enrolled
914,1939,2890,Enrolled
915,1745,2129,Enrolled
916,7852,3137,Waitlist
917,1879,1923,Enrolled
918,3390,3136,Enrolled
919,6623,2269,Waitlist
920,3275,3115,Enrolled
921,1462,2651,Enrolled
922,4361,3052,Enrolled
923,4824,473,Enrolled
924,4919,1211,Waitlist
925,9804,2868,Enrolled
926,1206,2095,Enrolled
927,5914,2379,Enrolled
928,9021,3045,Enrolled
929,5168,762,Enrolled
930,3759,3037,Enrolled
931,2253,1246,Enrolled
932,6179,2349,Enrolled
933,7325,1944,Enrolled
934,1206,1221,Waitlist
935,2747,1843,Enrolled
936,8272,1498,Enrolled
937,3744,1801,Enrolled
938,4361,2937,Enrolled
939,1231,1123,Enrolled
940,2116,306,Enrolled
941,1725,512,Enrolled
942,6503,3368,Waitlist
943,8311,3128,Enrolled
944,9037,1551,Waitlist
945,4308,404,Enrolled
946,8506,1152,Enrolled
947,9971,433,Enrolled
948,5836,1267,Enrolled
949,9804,2750,Enrolled
950,3328,659,Enrolled
951,1879,3244,Enrolled
952,9609,582,Enrolled
953,8753,3185,Enrolled
954,3293,2512,Enrolled
955,7770,3001,Waitlist
956,9633,1487,Enrolled
957,3592,2896,Enrolled
958,6862,2303,Enrolled
959,5168,77,Waitlist
960,3730,706,Enrolled
961,2300,2125,Enrolled
962,2741,1513,Enrolled
963,8187,1624,Enrolled
964,1372,3184,Enrolled
965,1879,1421,Waitlist
966,8898,1198,Enrolled
967,1685,6,Enrolled
968,8749,939,Enrolled
969,8999,1819,Enrolled
970,8306,630,Enrolled
971,4063,1474,Enrolled
972,9307,3260,Enrolled
973,9307,213,Enrolled
974,2127,2133,Enrolled
975,8245,2014,Waitlist
976,9192,2313,Enrolled
977,1470,740,Enrolled
978,3283,2253,Enrolled
979,4148,926,Enrolled
980,3068,838,Enrolled
981,3592,2761,Waitlist
982,9882,2467,Enrolled
983,8027,1717,Enrolled
984,1613,423,Waitlist
985,2256,556,Enrolled
986,4264,1853,Enrolled
987,4014,883,Enrolled
988,9706,592,Enrolled
989,5168,3035,Enrolled
990,5017,1284,Waitlist
991,7600,2992,Enrolled
992,4139,2572,Enrolled
993,5216,973,Waitlist
994,8688,1601,Enrolled
995,6779,1213,Waitlist
996,4160,2215,Enrolled
997,2771,1714,Enrolled
998,3461,1076,Enrolled
999,9576,289,Enrolled
1000,4824,921,Enrolled
1001,6591,2405,Enrolled
1002,7224,2257,Enrolled
1003,4276,1121,Enrolled
1004,2169,1796,Enrolled
1005,5914,1397,Enrolled
1006,3550,1347,Enrolled
1007,1534,703,Waitlist
1008,5813,1725,Enrolled
1009,1166,90,Enrolled
1010,9098,1265,Enrolled
1011,6504,1425,Enrolled
1012,8460,3052,Waitlist
1013,9741,2225,Enrolled
1014,9196,1657,Enrolled
1015,8454,3060,Enrolled
1016,8511,2985,Enrolled
1017,3108,304,Enrolled
1018,1745,2384,Enrolled
1019,2128,2026,Enrolled
1020,5781,1569,Enrolled
1021,2185,792,Enrolled
1022,7906,2380,Enrolled
1023,8814,293,Enrolled
1024,5059,3316,Enrolled
1025,5896,2066,Enrolled
1026,4305,2567,Enrolled
1027,2776,894,Enrolled
1028,7366,2347,Enrolled
1029,2005,1418,Enrolled
1030,5813,944,Enrolled
1031,5563,2752,Waitlist
1032,1612,3241,Enrolled
1033,8573,2234,Enrolled
1034,7558,2076,Enrolled
1035,8135,803,Enrolled
1036,1685,2145,Enrolled
1037,5777,1529,Enrolled
1038,5127,1011,Enrolled
1039,7812,547,Enrolled
1040,2029,880,Enrolled
1041,8814,285,Enrolled
1042,6053,965,Enrolled
1043,9530,1350,Enrolled
1044,4390,3285,Enrolled
1045,3656,3244,Enrolled
1046,6179,2182,Enrolled
1047,9254,192,Enrolled
1048,5778,2968,Enrolled
1049,4595,1032,Waitlist
1050,1798,1138,Enrolled
1051,1474,2562,Enrolled
1052,1653,3010,Enrolled
1053,8816,1650,Enrolled
1054,9234,1792,Enrolled
1055,5216,3153,Enrolled
1056,5337,161,Enrolled
1057,8260,2772,Enrolled
1058,8961,929,Waitlist
1059,8215,2665,Enrolled
1060,3068,418,Enrolled
1061,1456,1525,Enrolled
1062,7862,1369,Enrolled
1063,6257,434,Enrolled
1064,7636,877,Enrolled
1065,8816,814,Enrolled
1066,3879,1526,Enrolled
1067,6862,572,Enrolled
1068,1621,3213,Waitlist
1069,7676,1934,Enrolled
1070,6617,1886,Enrolled
1071,3148,3155,Enrolled
1072,6514,180,Waitlist
1073,4619,1661,Enrolled
1074,4105,206,Enrolled
1075,6488,675,Enrolled
1076,9706,2339,Enrolled
1077,4727,2444,Waitlist
1078,5105,467,Waitlist
1079,4122,2774,Enrolled
1080,7637,1702,Enrolled
1081,2728,2832,Enrolled
1082,6928,2853,Enrolled
1083,3442,811,Enrolled
1084,7626,1982,Enrolled
1085,5778,714,Waitlist
1086,7785,1783,Waitlist
1087,3364,1561,Enrolled
1088,9714,385,Enrolled
1089,1769,2263,Enrolled
1090,9084,507,Enrolled
1091,8245,291,Enrolled
1092,8840,504,Enrolled
1093,7113,3282,Enrolled
1094,5544,1731,Enrolled
1095,2669,1697,Enrolled
1096,8272,2876,Enrolled
1097,7996,228,Enrolled
1098,2746,1038,Enrolled
1099,1844,822,Enrolled
1100,3981,969,Enrolled
1101,5128,183,Enrolled
1102,2099,1008,Enrolled
1103,2922,3131,Enrolled
1104,1231,1714,Enrolled
1105,6175,3162,Enrolled
1106,7939,138,Enrolled
1107,4264,157,Enrolled
1108,8790,1052,Waitlist
1109,9806,1439,Enrolled
1110,6092,2821,Enrolled
1111,2715,3087,Enrolled
1112,7766,1175,Enrolled
1113,2113,2808,Enrolled
1114,5009,231,Enrolled
1115,4728,896,Waitlist
1116,1879,905,Enrolled
1117,9165,1524,Enrolled
1118,2185,1655,Enrolled
1119,8404,2113,Enrolled
1120,8424,587,Enrolled
1121,6952,524,Enrolled
1122,8619,710,Waitlist
1123,5676,559,Enrolled
1124,9098,1549,Enrolled
1125,3550,3000,Enrolled
1126,2450,942,Enrolled
1127,7563,3243,Enrolled
1128,8501,1354,Enrolled
1129,8961,945,Enrolled
1130,1370,551,Enrolled
1131,7430,237,Enrolled
1132,3709,1895,Enrolled
1133,8073,2020,Enrolled
1134,7242,263,Waitlist
1135,2492,14,Enrolled
1136,6489,1080,Enrolled
1137,2253,2622,Enrolled
1138,3744,366,Waitlist
1139,3257,1467,Enrolled
1140,8135,2784,Enrolled
1141,3137,1830,Enrolled
1142,9741,1299,Enrolled
1143,1994,455,Enrolled
1144,4365,1058,Enrolled
1145,4425,1854,Waitlist
1146,2234,1355,Enrolled
1147,9436,1663,Enrolled
1148,2029,2363,Enrolled
1149,2253,2124,Enrolled
1150,6179,1767,Enrolled
1151,8506,965,Enrolled
1152,5183,2527,Enrolled
1153,5562,1544,Enrolled
1154,7296,1399,Waitlist
1155,8909,633,Enrolled
1156,2723,68,Enrolled
1157,7594,3075,Enrolled
1158,2741,2240,Enrolled
1159,8202,385,Enrolled
1160,6906,2932,Enrolled
1161,4463,2983,Enrolled
1162,2099,981,Enrolled
1163,1193,1665,Enrolled
1164,5150,969,Enrolled
1165,4972,3051,Enrolled
1166,7608,2446,Enrolled
1167,5989,716,Enrolled
1168,3638,1541,Waitlist
1169,4696,306,Enrolled
1170,7347,732,Enrolled
1171,8373,2821,Enrolled
1172,8202,2352,Enrolled
1173,8842,2359,Enrolled
1174,5990,3295,Waitlist
1175,2040,1941,Enrolled
1176,4399,2912,Enrolled
1177,6658,3385,Enrolled
1178,7077,538,Enrolled
1179,4361,1200,Enrolled
1180,9485,871,Enrolled
1181,3283,3087,Enrolled
1182,3695,1123,Enrolled
1183,5073,1628,Enrolled
1184,3585,195,Enrolled
1185,2479,2285,Enrolled
1186,7996,2096,Enrolled
1187,1214,3127,Enrolled
1188,1324,937,Enrolled
1189,4308,625,Enrolled
1190,2099,1677,Enrolled
1191,9289,1182,Enrolled
1192,5584,1022,Waitlist
1193,2116,587,Waitlist
1194,8073,2885,Enrolled
1195,2995,1446,Enrolled
1196,5544,824,Enrolled
1197,9133,2799,Enrolled
1198,2549,2326,Enrolled
1199,4677,1305,Enrolled
1200,8961,783,Enrolled
1201,3804,864,Enrolled
1202,9159,3023,Enrolled
1203,3364,1173,Enrolled
1204,3323,1644,Enrolled
1205,7233,2901,Enrolled
1206,8814,17,Enrolled
1207,1152,2998,Enrolled
1208,4824,1091,Enrolled
1209,2674,2501,Enrolled
1210,4728,1828,Enrolled
1211,2866,966,Enrolled
1212,1245,3036,Waitlist
1213,3340,1653,Enrolled
1214,3185,2665,Waitlist
1215,3713,1219,Enrolled
1216,7097,3291,Enrolled
1217,1388,929,Enrolled
1218,4678,3063,Enrolled
1219,9192,2361,Enrolled
1220,2128,2399,Enrolled
1221,1719,2310,Enrolled
1222,9530,363,Enrolled
1223,7627,3080,Waitlist
1224,8342,146,Enrolled
1225,6681,774,Enrolled
1226,9576,261,Enrolled
1227,8279,3376,Enrolled
1228,3879,2945,Enrolled
1229,3744,508,Enrolled
1230,2116,521,Enrolled
1231,5835,1639,Enrolled
1232,7852,86,Enrolled
1233,8814,364,Enrolled
1234,5653,1148,Enrolled
1235,2300,3316,Enrolled
1236,6876,234,Enrolled
1237,5041,90,Enrolled
1238,1076,2316,Enrolled
1239,2770,2630,Waitlist
1240,7563,2537,Enrolled
1241,7697,79,Enrolled
1242,7637,2454,Enrolled
1243,7812,2762,Enrolled
1244,8840,1915,Enrolled
1245,8037,1390,Waitlist
1246,2043,865,Enrolled
1247,6026,423,Waitlist
1248,7782,3123,Enrolled
1249,2106,1175,Waitlist
1251,1612,2407,Enrolled
1252,5562,2766,Enrolled
1253,1621,1342,Enrolled
1254,4039,2081,Enrolled
1255,3972,1886,Enrolled
1256,2099,1084,Enrolled
1257,6942,3142,Enrolled
1258,4148,363,Enrolled
1259,7366,308,Enrolled
1260,6893,584,Enrolled
1261,6517,162,Waitlist
1262,4844,227,Waitlist
1263,9196,910,Enrolled
1264,4325,1785,Enrolled
1265,7672,207,Enrolled
1266,2565,2763,Enrolled
1267,4396,1813,Enrolled
1268,1058,515,Enrolled
1269,9937,1828,Enrolled
1270,8681,1456,Enrolled
1271,3044,3254,Enrolled
1272,9553,2326,Enrolled
1273,7906,1076,Waitlist
1274,5312,771,Enrolled
1275,2922,1719,Enrolled
1276,3916,2145,Enrolled
1277,4824,790,Enrolled
1278,1035,1568,Enrolled
1279,7266,1553,Enrolled
1280,4039,2510,Enrolled
1281,6956,1136,Waitlist
1282,1745,3184,Enrolled
1283,9196,53,Enrolled
1284,7288,358,Enrolled
1285,6956,3088,Enrolled
1286,9383,1640,Enrolled
1287,5959,2685,Enrolled
1288,3248,612,Enrolled
1289,1166,1585,Enrolled
1290,2040,895,Enrolled
1291,7672,1136,Waitlist
1292,3879,1640,Enrolled
1293,1388,1724,Enrolled
1294,3759,2647,Enrolled
1295,2468,1471,Waitlist
1296,6280,2660,Enrolled
1297,5914,518,Enrolled
1298,7581,2475,Enrolled
1299,5305,1447,Enrolled
1300,4610,1802,Waitlist
1301,2387,3036,Enrolled
1302,8073,2070,Enrolled
1303,4610,912,Enrolled
1304,8303,1154,Enrolled
1305,5778,3353,Enrolled
1306,7097,1794,Enrolled
1307,6488,1307,Enrolled
1308,8461,3261,Enrolled
1309,2449,2014,Enrolled
1310,3535,262,Enrolled
1311,5183,1748,Enrolled
1312,8157,1656,Enrolled
1313,1324,1102,Enrolled
1314,1436,947,Enrolled
1315,5914,980,Waitlist
1316,4677,855,Enrolled
1317,6026,872,Enrolled
1318,9192,1644,Enrolled
1319,8484,319,Enrolled
1320,9978,2635,Enrolled
1321,7366,2552,Enrolled
1322,2138,381,Enrolled
1323,7305,443,Enrolled
1324,1555,2113,Enrolled
1325,4611,1560,Enrolled
1326,9882,1767,Enrolled
1327,5312,583,Enrolled
1328,9022,3165,Waitlist
1329,2723,3383,Enrolled
1330,6622,1496,Enrolled
1331,7914,1220,Enrolled
1332,8786,51,Enrolled
1333,4711,579,Enrolled
1334,3879,475,Enrolled
1335,4046,3063,Enrolled
1336,4305,3278,Enrolled
1337,4340,2439,Enrolled
1338,3044,854,Enrolled
1339,6931,1376,Enrolled
1340,1719,239,Enrolled
1341,7782,1324,Enrolled
1342,3461,3210,Enrolled
1343,3381,2856,Enrolled
1344,4744,2763,Enrolled
1345,3114,1450,Enrolled
1346,3539,1597,Enrolled
1347,1359,2307,Enrolled
1348,2552,921,Waitlist
1349,7563,1644,Waitlist
1350,2771,2218,Enrolled
1351,8279,1998,Enrolled
1352,9159,1532,Waitlist
1353,1674,1581,Enrolled
1354,9069,2628,Enrolled
1355,1691,1964,Enrolled
1356,9482,3123,Enrolled
1357,2138,2308,Enrolled
1359,1436,3257,Enrolled
1360,3709,1315,Enrolled
1361,5046,1090,Enrolled
1362,9882,586,Enrolled
1363,2113,377,Enrolled
1364,1897,1952,Enrolled
1365,1699,3326,Enrolled
1366,9254,2142,Waitlist
1367,7906,2556,Enrolled
1368,7862,1143,Enrolled
1369,9907,925,Enrolled
1370,5440,923,Waitlist
1371,8245,3358,Enrolled
1372,1388,1858,Enrolled
1373,5128,2061,Enrolled
1374,1897,1815,Enrolled
1375,7113,1813,Enrolled
1376,3986,1563,Enrolled
1377,6727,207,Enrolled
1378,3835,3061,Enrolled
1379,3879,597,Enrolled
1380,8786,295,Enrolled
1381,2052,2852,Enrolled
1382,1659,2090,Enrolled
1383,8749,3080,Enrolled
1384,3764,2905,Waitlist
1385,2127,465,Enrolled
1386,3275,821,Enrolled
1387,6533,3365,Enrolled
1388,6931,1495,Enrolled
1389,7301,3249,Enrolled
1390,9482,2173,Enrolled
1391,1152,3360,Enrolled
1392,3044,2765,Enrolled
1393,6622,700,Enrolled
1394,7649,549,Enrolled
1395,2674,233,Enrolled
1396,8993,1565,Enrolled
1397,4744,1370,Enrolled
1398,3148,735,Waitlist
1399,8451,3375,Waitlist
1400,4734,439,Enrolled
1401,5663,1703,Waitlist
1402,5049,740,Enrolled
1403,7224,686,Enrolled
1404,3257,2390,Enrolled
1405,7627,767,Enrolled
1406,7347,3008,Enrolled
1407,2476,2744,Waitlist
1408,5073,1738,Enrolled
1409,8216,2484,Enrolled
1410,1152,300,Enrolled
1411,2099,2999,Enrolled
1412,2460,2891,Enrolled
1413,2715,1908,Enrolled
1414,3148,701,Enrolled
1415,2728,3177,Enrolled
1416,8202,244,Enrolled
1417,9022,609,Enrolled
1418,3585,2864,Enrolled
1419,8037,1500,Enrolled
1420,5533,1802,Enrolled
1421,5670,892,Enrolled
1422,8501,2436,Enrolled
1423,2975,826,Enrolled
1424,4844,3316,Enrolled
1425,2501,1593,Enrolled
1426,6930,1766,Enrolled
1427,3148,1511,Enrolled
1428,1893,323,Enrolled
1429,5748,2161,Waitlist
1430,5305,633,Enrolled
1431,3986,1177,Enrolled
1432,9220,720,Enrolled
1433,4784,2642,Enrolled
1434,1871,1548,Enrolled
1435,4105,3374,Enrolled
1436,8014,713,Enrolled
1437,4972,3280,Enrolled
1438,2154,589,Enrolled
1439,7697,1630,Enrolled
1440,1193,2020,Enrolled
1441,4060,1685,Enrolled
1442,8424,3342,Enrolled
1443,1166,32,Enrolled
1444,6488,720,Enrolled
1445,5281,2360,Enrolled
1446,8999,2695,Enrolled
1447,7672,1476,Enrolled
1448,7608,3275,Enrolled
1449,8311,1410,Enrolled
1450,5305,1088,Enrolled
1451,4340,2477,Enrolled
1452,8993,1826,Enrolled
1453,9192,3029,Enrolled
1454,5840,274,Waitlist
1455,3713,2819,Enrolled
1456,8027,2589,Waitlist
1457,2776,2814,Waitlist
1458,1231,1863,Enrolled
1459,2770,3255,Enrolled
1460,2995,2863,Waitlist
1461,3535,118,Enrolled
1462,3381,1017,Waitlist
1463,8593,1194,Enrolled
1464,7928,1163,Waitlist
1465,3744,1188,Enrolled
1466,2552,1178,Enrolled
1467,4060,942,Enrolled
1468,1152,54,Enrolled
1469,3916,2513,Enrolled
1470,4696,2998,Enrolled
1471,7697,80,Enrolled
1472,8452,1157,Enrolled
1473,3900,2567,Enrolled
1474,6517,2674,Enrolled
1475,1067,385,Enrolled
1476,1691,1899,Waitlist
1477,4974,905,Waitlist
1478,3709,3058,Enrolled
1479,3545,3111,Enrolled
1480,3184,3362,Enrolled
1481,6617,2918,Enrolled
1482,4844,2164,Enrolled
1483,2324,3119,Enrolled
1484,7782,3212,Enrolled
1485,3755,710,Enrolled
1486,6191,2728,Enrolled
1487,4948,995,Enrolled
1488,2492,2099,Enrolled
1489,4619,2978,Enrolled
1490,3137,3135,Enrolled
1491,3248,2010,Enrolled
1492,7297,104,Enrolled
1493,1508,2870,Enrolled
1494,6280,254,Enrolled
1495,4644,159,Enrolled
1496,9436,1772,Enrolled
1497,4595,53,Enrolled
1498,8237,1858,Enrolled
1499,6257,517,Enrolled
1500,3660,1003,Enrolled
1501,7430,1829,Enrolled
1502,1621,329,Enrolled
1503,9706,1535,Enrolled
1504,5989,3396,Enrolled
1505,3730,252,Enrolled
1506,3764,2694,Enrolled
1507,3390,929,Enrolled
1508,3213,469,Enrolled
1509,7946,1255,Enrolled
1510,2530,543,Enrolled
1511,2270,953,Enrolled
1512,6465,878,Enrolled
1513,2270,2321,Enrolled
1514,2387,2717,Enrolled
1515,6967,921,Enrolled
1516,5139,1255,Enrolled
1517,8911,1687,Waitlist
1518,3886,2017,Enrolled
1519,8314,704,Enrolled
1520,3184,963,Enrolled
1521,2742,1426,Enrolled
1522,8279,185,Waitlist
1523,9615,1459,Enrolled
1524,8314,1953,Enrolled
1525,9976,333,Enrolled
1526,9806,613,Enrolled
1527,7697,2921,Enrolled
1528,9907,868,Waitlist
1529,1245,1393,Enrolled
1530,7600,1922,Enrolled
1531,9234,2033,Enrolled
1532,7233,2465,Enrolled
1533,5444,1343,Enrolled
1534,6514,519,Enrolled
1535,2040,2224,Enrolled
1536,3293,3303,Enrolled
1537,1022,1466,Enrolled
1538,4264,990,Enrolled
1539,6340,2354,Enrolled
1540,1166,1210,Enrolled
1541,7113,2528,Waitlist
1542,4817,200,Waitlist
1543,4510,409,Enrolled
1544,7852,168,Enrolled
1545,4974,3063,Enrolled
1546,2552,2388,Enrolled
1547,5905,178,Enrolled
1548,6931,932,Enrolled
1549,9254,2877,Enrolled
1550,8037,1503,Enrolled
1551,2746,1256,Enrolled
1552,3134,2208,Enrolled
1553,7222,1033,Enrolled
1554,7305,624,Enrolled
1555,2552,605,Enrolled
1556,7563,321,Enrolled
1557,6807,2658,Waitlist
1558,8077,399,Enrolled
1559,7751,2914,Enrolled
1560,3381,634,Enrolled
1561,4261,3280,Waitlist
1562,8304,1940,Enrolled
1563,3916,3262,Waitlist
1564,3134,3256,Waitlist
1565,8816,1031,Enrolled
1566,3137,387,Enrolled
1567,6503,872,Enrolled
1568,4594,788,Enrolled
1569,8342,2425,Enrolled
1570,9098,3145,Enrolled
1571,7305,599,Enrolled
1572,6615,1909,Enrolled
1573,8618,2466,Enrolled
1574,5989,523,Waitlist
1575,8161,3017,Enrolled
1576,6416,1075,Waitlist
1577,8688,3283,Enrolled
1578,8421,1305,Enrolled
1579,5073,202,Enrolled
1580,6053,420,Enrolled
1581,4063,1075,Enrolled
1582,9021,2242,Waitlist
1583,8306,2830,Enrolled
1584,7785,3003,Enrolled
1585,7928,2422,Enrolled
1586,9991,1737,Enrolled
1587,2492,2838,Enrolled
1588,9086,1168,Enrolled
1589,3381,1434,Enrolled
1590,1685,1601,Enrolled
1591,2040,575,Enrolled
1592,1193,199,Enrolled
1593,7608,2251,Enrolled
1594,4122,3120,Enrolled
1595,1691,1796,Enrolled
1596,5533,2875,Enrolled
1597,7288,1819,Waitlist
1598,8786,3018,Enrolled
1599,5840,120,Enrolled
1600,7939,2442,Enrolled
1601,8472,1316,Enrolled
1602,5706,1019,Enrolled
1603,9254,470,Enrolled
1604,9196,525,Enrolled
1605,2106,2687,Enrolled
1606,5386,3233,Enrolled
1607,7594,2879,Enrolled
1608,7939,2030,Enrolled
1609,7785,390,Waitlist
1610,9482,616,Enrolled
1611,7770,472,Enrolled
1612,8202,2133,Enrolled
1613,5168,222,Enrolled
1614,6092,240,Enrolled
1615,6416,55,Enrolled
1616,5929,2394,Enrolled
1617,1214,2792,Enrolled
1618,2479,621,Enrolled
1619,3025,2041,Enrolled
1620,9148,487,Enrolled
1621,2460,1602,Waitlist
1622,8909,2676,Waitlist
1623,2841,1421,Waitlist
1624,3364,963,Enrolled
1625,2450,931,Enrolled
1626,1724,2099,Enrolled
1627,1470,91,Enrolled
1628,7113,2088,Enrolled
1629,4678,2522,Enrolled
1630,9576,1494,Enrolled
1631,2565,2129,Enrolled
1632,5929,2356,Enrolled
1633,8037,389,Enrolled
1634,3134,2543,Enrolled
1635,6339,1856,Enrolled
1636,8490,251,Enrolled
1637,6026,1340,Waitlist
1638,6465,2492,Enrolled
1639,7266,2142,Enrolled
1640,4305,10,Enrolled
1641,2746,587,Enrolled
1642,1715,811,Enrolled
1643,3902,2400,Enrolled
1644,2565,139,Enrolled
1645,8304,2866,Enrolled
1646,3755,1305,Enrolled
1647,3656,1621,Enrolled
1648,3730,1598,Enrolled
1649,7347,734,Enrolled
1650,4264,2350,Enrolled
1651,1724,2071,Enrolled
1652,8424,159,Waitlist
1653,7666,2661,Waitlist
1654,4086,3262,Enrolled
1655,2154,3177,Enrolled
1656,6503,1719,Enrolled
1657,2279,505,Enrolled
1658,8342,2616,Enrolled
1659,1273,2518,Enrolled
1660,2593,760,Enrolled
1661,1138,428,Enrolled
1662,5753,814,Waitlist
1663,6664,21,Enrolled
1664,3886,3045,Enrolled
1665,6489,587,Enrolled
1666,1994,2620,Waitlist
1667,3328,1886,Enrolled
1668,8452,466,Enrolled
1669,9189,1427,Enrolled
1670,4276,2854,Enrolled
1671,3764,2445,Enrolled
1672,5489,1856,Enrolled
1673,2742,2311,Enrolled
1674,4711,936,Enrolled
1675,6956,326,Enrolled
1676,2314,1815,Enrolled
1677,2169,2893,Enrolled
1678,4610,677,Enrolled
1679,4399,2709,Enrolled
1680,3545,1938,Enrolled
1681,7325,132,Enrolled
1682,1555,1126,Enrolled
1683,1785,3001,Enrolled
1684,8451,3140,Enrolled
1685,6915,2217,Enrolled
1686,9148,2648,Waitlist
1687,3638,2415,Enrolled
1688,2450,1270,Enrolled
1689,3688,1422,Enrolled
1690,8898,2730,Enrolled
1691,6956,764,Enrolled
1692,7301,112,Enrolled
1693,2256,580,Enrolled
1694,9212,1673,Enrolled
1695,3688,2837,Enrolled
1696,2642,1388,Waitlist
1697,5186,2338,Enrolled
1698,7608,1625,Enrolled
1699,9706,1306,Enrolled
1700,9837,2366,Enrolled
1701,9747,2873,Enrolled
1702,3804,1405,Enrolled
1703,5748,1393,Enrolled
1704,9751,2416,Enrolled
1705,8911,1038,Enrolled
1706,3461,1014,Enrolled
1707,9098,948,Enrolled
1708,4824,2143,Enrolled
1709,4077,1732,Enrolled
1710,7996,62,Enrolled
1711,1280,958,Enrolled
1712,5049,536,Enrolled
1713,6191,1803,Enrolled
1714,5653,2984,Waitlist
1715,7347,1593,Enrolled
1716,8177,2831,Enrolled
1717,5896,1626,Enrolled
1718,6416,1645,Enrolled
1719,3114,607,Enrolled
1720,4744,2215,Enrolled
1721,7637,2845,Enrolled
1722,5386,895,Enrolled
1723,9609,3145,Enrolled
1724,2476,879,Waitlist
1725,7350,3333,Enrolled
1726,8708,1050,Enrolled
1727,5489,2976,Enrolled
1728,1745,1116,Enrolled
1729,6092,860,Waitlist
1730,4948,2970,Enrolled
1731,7608,719,Enrolled
1732,5183,2306,Enrolled
1733,2106,3342,Waitlist
1734,6947,2892,Waitlist
1735,2938,1492,Enrolled
1736,5813,689,Enrolled
1737,2493,600,Enrolled
1738,9485,2005,Enrolled
1739,3638,170,Enrolled
1740,4396,2539,Enrolled
1741,1456,1940,Enrolled
1742,2747,833,Waitlist
1743,3323,2093,Enrolled
1744,3550,164,Enrolled
1745,3855,2509,Enrolled
1746,2878,3342,Enrolled
1747,9553,2445,Enrolled
1748,3114,2471,Enrolled
1749,7928,1156,Waitlist
1750,5670,1961,Enrolled
1751,2922,729,Enrolled
1752,4594,3386,Enrolled
1753,8073,2225,Enrolled
1754,2300,2652,Enrolled
1755,9576,766,Enrolled
1756,2022,609,Enrolled
1757,6967,1928,Enrolled
1758,7627,3043,Enrolled
1759,2040,3151,Waitlist
1760,5312,367,Enrolled
1761,8903,745,Enrolled
1762,3328,2259,Enrolled
1763,8404,2010,Enrolled
1764,9747,3353,Enrolled
1765,5489,2708,Enrolled
1766,3275,1610,Enrolled
1767,7649,3160,Enrolled
1768,4139,301,Enrolled
1769,7782,2977,Enrolled
1770,3688,2615,Enrolled
1771,6581,2855,Enrolled
1772,7906,1957,Enrolled
1773,9576,2939,Enrolled
1774,1653,2528,Enrolled
1775,7303,1913,Enrolled
1776,1370,1096,Enrolled
1777,1534,2229,Waitlist
1778,2699,64,Enrolled
1779,6967,1737,Enrolled
1780,6465,454,Enrolled
1781,8506,2188,Enrolled
1782,4687,12,Enrolled
1783,6026,1392,Enrolled
1784,2256,433,Enrolled
1785,7363,3225,Enrolled
1786,1359,2426,Enrolled
1787,1470,2551,Enrolled
1788,2669,2152,Enrolled
1789,8139,2166,Enrolled
1790,7928,1656,Enrolled
1791,2116,2606,Enrolled
1792,5544,275,Enrolled
1793,4784,2592,Enrolled
1794,2169,3202,Enrolled
1795,8842,2667,Waitlist
1796,7649,1115,Enrolled
1797,8203,2619,Waitlist
1798,1388,1140,Waitlist
1799,4619,2509,Enrolled
1800,3539,14,Enrolled
1801,2128,1722,Enrolled
1802,9220,2406,Enrolled
1803,9609,1827,Enrolled
1804,2549,354,Enrolled
1805,4060,2107,Enrolled
1806,2460,822,Enrolled
1807,9436,1007,Enrolled
1808,2062,1529,Enrolled
1809,2181,1104,Enrolled
1810,9857,2334,Enrolled
1811,5281,1510,Enrolled
1812,9810,3230,Enrolled
1813,1674,2985,Enrolled
1814,5563,1769,Enrolled
1815,3293,3006,Waitlist
1816,3243,3186,Enrolled
1817,8961,1235,Enrolled
1818,7812,819,Enrolled
1819,3470,466,Enrolled
1820,3025,2884,Enrolled
1821,7649,14,Enrolled
1822,2256,1075,Enrolled
1823,5150,1387,Enrolled
1824,8898,803,Enrolled
1825,6820,1844,Enrolled
1826,7676,1410,Enrolled
1827,8472,2620,Enrolled
1828,2492,1709,Enrolled
1829,9482,822,Enrolled
1830,5096,556,Enrolled
1831,9791,1714,Enrolled
1832,2387,943,Enrolled
1833,1474,2335,Enrolled
1834,1166,1815,Enrolled
1835,1258,811,Enrolled
1836,8912,240,Enrolled
1837,9133,1835,Enrolled
1838,7097,2019,Enrolled
1839,9084,2504,Enrolled
1840,5533,1487,Enrolled
1841,1613,164,Enrolled
1842,7288,2945,Enrolled
1843,4696,879,Enrolled
1844,9485,2374,Enrolled
1845,4728,1539,Enrolled
1846,1067,3004,Enrolled
1847,2450,613,Enrolled
1848,6339,1541,Waitlist
1849,2476,1984,Enrolled
1850,5139,1792,Enrolled
1851,4264,3246,Enrolled
1852,8753,250,Enrolled
1853,8912,3003,Enrolled
1854,4014,1002,Waitlist
1855,5836,2720,Enrolled
1856,6752,2899,Enrolled
1857,8490,2762,Enrolled
1858,8295,2694,Enrolled
1859,6533,2652,Enrolled
1860,2878,401,Enrolled
1861,1206,888,Enrolled
1862,7288,2477,Enrolled
1863,8688,3262,Waitlist
1864,4053,2579,Enrolled
1865,3364,1103,Enrolled
1866,2113,1928,Enrolled
1867,7301,3332,Enrolled
1868,5127,3131,Enrolled
1869,1383,1660,Enrolled
1870,1206,2714,Enrolled
1871,6514,1664,Enrolled
1872,2741,764,Enrolled
1873,7627,2512,Enrolled
1874,2463,2249,Enrolled
1875,5305,2470,Enrolled
1876,3275,930,Enrolled
1877,2479,601,Enrolled
1878,2492,1017,Enrolled
1879,2723,705,Enrolled
1880,5835,767,Enrolled
1881,2181,171,Enrolled
1882,9810,1283,Enrolled
1883,2169,2190,Waitlist
1884,8790,2172,Enrolled
1885,1821,1195,Enrolled
1886,7852,3193,Waitlist
1887,1798,3222,Enrolled
1888,8381,1277,Waitlist
1889,7367,2785,Enrolled
1890,6581,3206,Enrolled
1891,1508,2040,Waitlist
1892,7676,433,Enrolled
1893,7996,2862,Enrolled
1894,5990,2724,Enrolled
1895,3470,600,Enrolled
1896,7488,2579,Enrolled
1897,4853,1276,Enrolled
1898,2661,2722,Enrolled
1899,5314,3035,Enrolled
1900,8157,114,Waitlist
1901,8421,838,Enrolled
1902,5096,1962,Enrolled
1903,9464,3186,Enrolled
1904,2128,3106,Enrolled
1905,6175,1378,Enrolled
1906,8472,3348,Enrolled
1907,6175,1529,Enrolled
1908,3016,1659,Enrolled
1909,6514,3278,Enrolled
1910,8424,2957,Enrolled
1911,9133,351,Waitlist
1912,9021,177,Enrolled
1913,1750,822,Enrolled
1914,5803,2585,Enrolled
1915,6447,2285,Waitlist
1916,8242,2261,Waitlist
1917,6488,976,Waitlist
1918,8161,1118,Enrolled
1919,4644,677,Enrolled
1920,7296,2971,Enrolled
1921,5706,998,Enrolled
1922,3592,2406,Waitlist
1923,4261,2220,Enrolled
1924,9633,2546,Enrolled
1925,3134,1258,Enrolled
1926,1370,203,Enrolled
1927,9882,1827,Enrolled
1928,9331,3122,Waitlist
1929,2052,1606,Enrolled
1930,1206,1108,Enrolled
1931,2670,490,Enrolled
1932,8912,316,Enrolled
1933,8999,2468,Enrolled
1934,9561,736,Enrolled
1935,4305,1259,Enrolled
1936,2770,83,Enrolled
1937,6633,2117,Enrolled
1938,9691,1563,Enrolled
1939,5840,121,Enrolled
1940,4727,1429,Enrolled
1941,9086,880,Enrolled
1942,2501,1046,Enrolled
1943,3068,11,Enrolled
1944,1436,2575,Enrolled
1945,7296,1120,Enrolled
1946,1894,3045,Waitlist
1947,4122,965,Enrolled
1948,3875,1386,Enrolled
1949,7813,3084,Enrolled
1950,4105,1165,Enrolled
1951,9882,1759,Enrolled
1952,5562,2923,Waitlist
1953,7697,1497,Enrolled
1954,6152,2830,Enrolled
1955,8304,2301,Enrolled
1956,7939,2771,Enrolled
1957,9098,2645,Enrolled
1958,3804,914,Enrolled
1959,2387,35,Enrolled
1960,1612,1028,Waitlist
1961,5653,2525,Enrolled
1962,2866,2438,Enrolled
1963,2549,1439,Enrolled
1964,3114,3376,Enrolled
1965,9576,1056,Enrolled
1966,2970,435,Enrolled
1967,1821,81,Waitlist
1968,1613,252,Enrolled
1969,1939,1610,Enrolled
1970,6967,1633,Enrolled
1971,2300,803,Enrolled
1972,8215,385,Enrolled
1973,2449,320,Enrolled
1974,6658,2137,Enrolled
1975,4122,2337,Enrolled
1976,2970,1210,Enrolled
1977,2670,2857,Enrolled
1978,6952,1428,Enrolled
1979,5096,968,Enrolled
1980,9907,699,Enrolled
1981,9714,2169,Enrolled
1982,8443,2288,Waitlist
1983,3137,2254,Enrolled
1984,3902,595,Enrolled
1985,2552,830,Waitlist
1987,4039,3003,Enrolled
1988,7211,2890,Enrolled
1989,2465,1600,Enrolled
1990,8404,2633,Enrolled
1991,8619,669,Enrolled
1992,4510,687,Enrolled
1993,7305,3,Enrolled
1994,8187,315,Enrolled
1995,4727,1606,Enrolled
1996,1871,1419,Enrolled
1997,1871,1549,Enrolled
1998,4340,3039,Enrolled
1999,7627,2104,Enrolled
2000,4728,2835,Enrolled
2001,9553,403,Enrolled
2002,8842,1568,Enrolled
2003,4853,2261,Enrolled
2004,5670,772,Enrolled
2005,1138,1329,Enrolled
2006,4160,3012,Enrolled
2007,1383,835,Enrolled
2008,3442,1554,Enrolled
2009,4043,1965,Enrolled
2010,4015,3291,Enrolled
2011,4122,2695,Waitlist
2012,3267,1469,Enrolled
2013,3986,2215,Enrolled
2014,7366,1031,Enrolled
2015,2489,2649,Enrolled
2016,4853,3297,Enrolled
2017,9289,1125,Enrolled
2018,7637,1903,Enrolled
2019,1095,500,Waitlist
2020,9303,2819,Enrolled
2021,8245,553,Enrolled
2022,5813,2935,Enrolled
2023,7305,847,Enrolled
2024,3509,1706,Enrolled
2025,7600,1569,Enrolled
2026,4974,2365,Enrolled
2027,6807,1918,Enrolled
2028,7528,1385,Enrolled
2029,7558,2137,Enrolled
2030,2742,627,Enrolled
2031,8421,1789,Enrolled
2032,1653,1776,Waitlist
2033,8443,2206,Enrolled
2034,6931,3047,Enrolled
2035,7363,55,Enrolled
2036,4595,3006,Enrolled
2037,6928,2983,Enrolled
2038,9289,115,Enrolled
2039,1280,1292,Enrolled
2040,5670,1375,Enrolled
2041,1916,3110,Enrolled
2042,7751,1949,Enrolled
2043,6416,1093,Enrolled
2044,3509,1725,Enrolled
2045,1715,1608,Enrolled
2046,3243,1091,Enrolled
2047,4626,2572,Enrolled
2048,5670,2244,Enrolled
2049,8460,422,Enrolled
2050,5168,1261,Waitlist
2051,3695,1759,Waitlist
2052,2922,2458,Enrolled
2053,1612,2967,Waitlist
2054,7347,1811,Enrolled
2055,4728,797,Waitlist
2056,8203,424,Enrolled
2057,3875,1666,Enrolled
2058,9614,2992,Waitlist
2059,7581,1430,Waitlist
2060,3108,169,Enrolled
2061,9464,3054,Enrolled
2062,6862,1791,Enrolled
2063,5489,1615,Enrolled
2064,6956,2216,Enrolled
2065,6517,1058,Enrolled
2066,6316,2076,Enrolled
2067,9189,2669,Enrolled
2068,1388,1665,Enrolled
2069,7411,18,Enrolled
2070,1750,1656,Enrolled
2071,3630,1383,Enrolled
2072,1555,1073,Enrolled
2073,6947,2909,Enrolled
2074,8303,1743,Enrolled
2075,4276,3033,Enrolled
2076,8443,3213,Enrolled
2077,4390,823,Enrolled
2078,1067,1225,Waitlist
2079,5049,2144,Enrolled
2080,8842,1237,Enrolled
2081,4784,2218,Enrolled
2082,8177,1002,Enrolled
2083,9159,2889,Enrolled
2084,1613,987,Enrolled
2085,1534,660,Enrolled
2086,8215,2285,Enrolled
2087,8511,1018,Enrolled
2088,6862,3256,Enrolled
2089,9991,3149,Enrolled
2090,1699,1034,Enrolled
2091,3184,679,Enrolled
2092,7859,1196,Enrolled
2093,5041,2668,Enrolled
2094,7258,3338,Enrolled
2095,3638,2520,Enrolled
2096,5584,2181,Enrolled
2097,2106,3329,Enrolled
2098,3137,1432,Enrolled
2099,5989,1117,Enrolled
2100,1076,3230,Enrolled
2101,3185,825,Enrolled
2102,8842,2212,Enrolled
2103,3293,3061,Enrolled
2104,8203,1644,Enrolled
2105,7077,1569,Enrolled
2106,5533,1450,Enrolled
2107,2669,2605,Enrolled
2108,9220,2507,Enrolled
2109,8454,2416,Enrolled
2110,1436,2899,Enrolled
2111,2593,587,Enrolled
2112,8786,1648,Enrolled
2113,8849,2151,Enrolled
2114,5544,509,Enrolled
2115,6681,1406,Enrolled
2116,6623,1014,Enrolled
2117,4261,1268,Enrolled
2118,6098,2818,Enrolled
2119,9614,520,Enrolled
2120,1370,2277,Enrolled
2121,7834,1308,Enrolled
2122,6623,893,Waitlist
2123,5440,2272,Enrolled
2124,2106,869,Enrolled
2125,3442,3050,Waitlist
2126,7608,2042,Enrolled
2127,6053,839,Enrolled
2128,8443,779,Enrolled
2129,8245,2540,Waitlist
2130,7701,443,Enrolled
2131,4626,2936,Enrolled
2132,1436,1511,Enrolled
2133,6807,2599,Enrolled
2134,4305,3192,Enrolled
2135,6615,2474,Enrolled
2136,6191,2345,Enrolled
2137,2117,1085,Enrolled
2138,3972,1161,Enrolled
2139,1022,1394,Enrolled
2140,2113,2292,Enrolled
2141,4399,2262,Waitlist
2142,7939,109,Enrolled
2143,9976,123,Enrolled
2144,3539,3361,Enrolled
2145,8443,990,Enrolled
2146,2154,632,Enrolled
2147,9464,1256,Enrolled
2148,9264,2009,Enrolled
2149,7297,2104,Waitlist
2150,9037,2642,Enrolled
2151,5139,1807,Enrolled
2152,1474,1318,Enrolled
2153,5073,2175,Enrolled
2154,1653,2815,Enrolled
2155,7782,77,Enrolled
2156,1359,3277,Enrolled
2157,9647,1458,Enrolled
2158,7288,2070,Enrolled
2159,2450,299,Enrolled
2160,8619,1235,Waitlist
2161,8077,675,Waitlist
2162,5840,1300,Enrolled
2163,6727,975,Enrolled
2164,6893,830,Enrolled
2165,7266,2325,Enrolled
2166,9212,2860,Enrolled
2167,4611,1453,Enrolled
2168,5096,1448,Enrolled
2169,5046,1733,Enrolled
2170,7350,3160,Enrolled
2171,2234,1566,Enrolled
2172,7600,130,Enrolled
2173,7627,1544,Enrolled
2174,3248,1699,Enrolled
2175,9192,1486,Enrolled
2176,7297,180,Enrolled
2177,2776,383,Enrolled
2178,5533,1164,Enrolled
2179,3755,2194,Enrolled
2180,4727,449,Enrolled
2181,2817,886,Enrolled
2182,1258,1650,Enrolled
2183,4687,1373,Enrolled
2184,5041,1831,Enrolled
2185,1724,3312,Enrolled
2186,1861,2258,Waitlist
2187,6952,3157,Enrolled
2188,2127,977,Waitlist
2189,6640,582,Enrolled
2190,9086,2751,Enrolled
2191,3185,109,Enrolled
2192,2915,3131,Enrolled
2193,9196,232,Enrolled
2194,2116,1230,Enrolled
2195,3137,2707,Enrolled
2196,6316,834,Enrolled
2197,7812,1423,Enrolled
2198,4046,1147,Waitlist
2199,5990,2868,Enrolled
2200,1653,3178,Enrolled
2201,8454,2355,Enrolled
2202,6664,2905,Enrolled
2203,9991,1821,Enrolled
2204,2771,2729,Enrolled
2205,9383,372,Enrolled
2206,1388,1989,Enrolled
2207,7862,2214,Enrolled
2208,3886,214,Enrolled
2209,8708,2711,Enrolled
2210,7222,1811,Enrolled
2211,6967,3196,Enrolled
2212,8472,787,Enrolled
2213,3364,701,Enrolled
2214,4626,528,Enrolled
2215,7305,2821,Enrolled
2216,1206,415,Enrolled
2217,3900,184,Enrolled
2218,6026,3379,Waitlist
2219,1821,1133,Enrolled
2220,7939,602,Enrolled
2221,2468,2106,Enrolled
2222,8993,2727,Enrolled
2223,4015,1672,Enrolled
2224,6893,103,Enrolled
2225,3755,1199,Enrolled
2226,5337,356,Enrolled
2227,7701,2139,Enrolled
2228,7258,1145,Enrolled
2229,9515,1351,Enrolled
2230,7782,791,Waitlist
2231,5780,2605,Enrolled
2232,8849,2580,Enrolled
2233,9877,1730,Enrolled
2234,3328,329,Waitlist
2235,5127,1591,Enrolled
2236,5168,2023,Enrolled
2237,2989,916,Enrolled
2238,3730,1502,Enrolled
2239,5168,3292,Enrolled
2240,2489,1884,Enrolled
2241,2185,2231,Enrolled
2242,9303,2466,Waitlist
2243,3293,2991,Waitlist
2244,2185,1198,Waitlist
2245,5663,1951,Enrolled
2246,2728,2080,Enrolled
2247,4711,3177,Waitlist
2248,3638,2082,Enrolled
2249,3855,2430,Enrolled
2250,3442,2828,Enrolled
2251,3248,3213,Enrolled
2252,8573,1858,Enrolled
2253,5562,1023,Enrolled
2254,7640,3352,Enrolled
2255,8073,653,Enrolled
2256,7222,1871,Enrolled
2257,3112,707,Enrolled
2258,8753,2434,Enrolled
2259,1456,2242,Enrolled
2260,3213,596,Enrolled
2261,2062,1438,Waitlist
2262,8842,1683,Enrolled
2263,9234,561,Enrolled
2264,2181,194,Enrolled
2265,3470,504,Enrolled
2266,1372,2799,Enrolled
2267,3185,1721,Waitlist
2268,6447,3157,Enrolled
2269,7600,304,Enrolled
2270,7996,978,Enrolled
2271,7296,2011,Waitlist
2272,7077,2643,Enrolled
2273,6862,2220,Enrolled
2274,8203,520,Enrolled
2275,5444,2925,Enrolled
2276,3293,1725,Enrolled
2277,4644,276,Enrolled
2278,2468,894,Enrolled
2279,3275,2288,Enrolled
2280,4610,648,Enrolled
2281,4727,2114,Enrolled
2282,3328,42,Enrolled
2283,2593,1828,Enrolled
2284,2387,2476,Enrolled
2285,6447,241,Enrolled
2286,4010,1297,Enrolled
2287,2741,3097,Enrolled
2288,4463,2620,Enrolled
2289,7594,1338,Enrolled
2290,5105,803,Enrolled
2291,4122,2599,Enrolled
2292,3364,3369,Enrolled
2293,9576,3270,Enrolled
2294,6876,1277,Enrolled
2295,3485,3355,Enrolled
2296,1613,494,Enrolled
2297,5139,757,Enrolled
2298,8619,3338,Enrolled
2299,1193,3017,Enrolled
2300,7440,3282,Enrolled
2301,9804,2956,Waitlist
2302,2116,703,Waitlist
2303,6316,1764,Enrolled
2304,5312,2897,Enrolled
2305,8424,3234,Enrolled
2306,7666,1443,Enrolled
2307,2468,73,Enrolled
2308,7558,623,Enrolled
2309,7528,945,Enrolled
2310,5525,450,Enrolled
2311,3900,2750,Enrolled
2312,1462,2680,Enrolled
2313,2922,2565,Enrolled
2314,3485,46,Enrolled
2315,8849,2897,Enrolled
2316,8506,1408,Enrolled
2317,8911,2999,Enrolled
2318,2279,1351,Enrolled
2319,7305,1801,Enrolled
2320,3044,1845,Enrolled
2321,1452,2581,Enrolled
2322,1715,2865,Enrolled
2323,3114,1374,Enrolled
2324,3900,1578,Enrolled
2325,5473,2552,Enrolled
2326,8215,1573,Enrolled
2327,3886,952,Enrolled
2328,3804,2821,Enrolled
2329,6928,545,Waitlist
2330,8911,2002,Waitlist
2331,9647,1579,Enrolled
2332,4678,1068,Enrolled
2333,6581,1906,Enrolled
2334,3390,3127,Enrolled
2335,1462,3168,Enrolled
2336,5065,210,Enrolled
2337,5778,843,Enrolled
2338,9220,1961,Enrolled
2339,8674,3049,Enrolled
2340,8501,3339,Enrolled
2341,7266,857,Waitlist
2342,5959,2276,Enrolled
2343,6752,818,Enrolled
2344,8187,1557,Enrolled
2345,7303,1041,Enrolled
2346,5781,1438,Enrolled
2347,8031,879,Enrolled
2348,2492,1345,Enrolled
2349,2117,1645,Enrolled
2350,2771,967,Enrolled
2351,4619,675,Enrolled
2352,9133,2999,Enrolled
2353,7600,1842,Waitlist
2354,5803,635,Enrolled
2355,8245,3370,Enrolled
2356,5183,1220,Enrolled
2357,4611,1894,Enrolled
2358,5473,1256,Enrolled
2359,1674,1279,Waitlist
2360,3016,2988,Enrolled
2361,9148,2697,Enrolled
2362,7411,243,Enrolled
2363,7766,2827,Enrolled
2364,7077,311,Waitlist
2365,3323,807,Enrolled
2366,3275,2127,Enrolled
2367,5480,657,Enrolled
2368,8619,3166,Enrolled
2369,6514,95,Enrolled
2370,7499,1291,Enrolled
2371,8786,1960,Enrolled
2372,7676,1439,Waitlist
2373,7813,33,Enrolled
2374,4696,508,Enrolled
2375,9584,3237,Enrolled
2376,8898,2460,Enrolled
2377,1019,1110,Enrolled
2378,1383,1926,Enrolled
2379,7676,3124,Enrolled
2380,6447,440,Enrolled
2381,5914,59,Enrolled
2382,2185,2336,Enrolled
2383,9806,2237,Enrolled
2384,1621,2081,Enrolled
2385,5584,408,Enrolled
2386,6517,2786,Enrolled
2387,1370,1085,Enrolled
2388,7528,2515,Enrolled
2389,8786,2399,Enrolled
2390,9069,2413,Enrolled
2391,5533,2863,Enrolled
2392,8993,1001,Enrolled
2393,1685,2556,Enrolled
2394,2501,2506,Enrolled
2395,1785,1135,Enrolled
2396,8749,1713,Enrolled
2397,8912,660,Enrolled
2398,2324,2871,Enrolled
2399,7862,2198,Enrolled
2400,9307,3120,Waitlist
2401,2642,1819,Enrolled
2402,9907,1607,Enrolled
2403,3585,2811,Enrolled
2404,3735,1027,Enrolled
2405,8501,3015,Enrolled
2406,8292,1868,Enrolled
2407,6053,3159,Enrolled
2408,8245,505,Enrolled
2409,1785,2216,Enrolled
2410,2970,2836,Enrolled
2411,1691,3238,Enrolled
2412,9307,2258,Enrolled
2413,5480,2639,Enrolled
2414,9148,1923,Enrolled
2415,7430,550,Enrolled
2416,2106,928,Enrolled
2417,9019,3176,Enrolled
2418,5544,1166,Enrolled
2419,9189,1271,Enrolled
2420,8242,1405,Enrolled
2421,1659,3058,Enrolled
2422,1273,920,Enrolled
2423,9189,3255,Enrolled
2424,4696,1478,Waitlist
2425,2022,2234,Waitlist
2426,6615,591,Enrolled
2427,1613,2225,Enrolled
2428,6316,1457,Enrolled
2429,4817,2392,Enrolled
2430,7437,3288,Enrolled
2431,5813,915,Enrolled
2432,6617,2344,Enrolled
2433,7097,34,Enrolled
2434,8157,1156,Enrolled
2435,3108,1572,Enrolled
2436,5835,1369,Enrolled
2437,2106,2903,Enrolled
2438,9084,2816,Enrolled
2439,4261,895,Enrolled
2440,2989,2440,Enrolled
2441,9086,1747,Enrolled
2442,1894,687,Enrolled
2443,8472,2872,Waitlist
2444,8177,3156,Waitlist
2445,2817,2098,Enrolled
2446,7627,1381,Waitlist
2447,4043,358,Waitlist
2448,9553,2463,Enrolled
2449,1674,3110,Waitlist
2450,1821,2465,Enrolled
2451,8460,1177,Enrolled
2452,3185,2762,Enrolled
2453,6752,363,Enrolled
2454,5945,2362,Enrolled
2455,9515,629,Enrolled
2456,9264,2587,Enrolled
2457,1359,1623,Waitlist
2458,6179,2921,Enrolled
2459,8511,1236,Enrolled
2460,2904,3241,Waitlist
2461,7366,867,Enrolled
2462,6862,2544,Enrolled
2463,3114,3357,Enrolled
2464,6820,251,Enrolled
2465,2674,366,Enrolled
2466,2746,1331,Enrolled
2467,8939,703,Enrolled
2468,3016,558,Enrolled
2469,8501,796,Enrolled
2470,2670,2431,Enrolled
2471,6930,160,Enrolled
2472,4919,1583,Enrolled
2473,9647,1410,Enrolled
2474,2270,3340,Enrolled
2475,4972,2336,Enrolled
2476,5670,2839,Enrolled
2477,5706,3382,Enrolled
2478,6807,76,Enrolled
2479,7325,456,Enrolled
2480,2770,146,Enrolled
2481,5065,3224,Enrolled
2482,4261,1941,Enrolled
2483,1388,2618,Enrolled
2484,1273,379,Enrolled
2485,2817,2410,Enrolled
2486,8454,3345,Enrolled
2487,8909,695,Waitlist
2488,8854,2334,Enrolled
2489,1508,395,Enrolled
2490,5139,2860,Enrolled
2491,4727,2734,Enrolled
2492,8674,2123,Enrolled
2493,4053,2800,Enrolled
2494,4325,1214,Enrolled
2495,9614,3066,Enrolled
2496,3257,2325,Waitlist
2497,2730,1319,Enrolled
2498,3994,1930,Enrolled
2499,1019,864,Enrolled
2500,1724,34,Enrolled
2501,3730,593,Enrolled
2502,1699,3211,Enrolled
2503,8139,651,Enrolled
2504,6465,2928,Enrolled
2505,2463,1203,Waitlist
2506,4105,1807,Enrolled
2507,9907,1741,Enrolled
2508,6489,754,Enrolled
2509,7812,2245,Enrolled
2510,1166,1289,Enrolled
2511,7093,2037,Enrolled
2512,5813,2358,Enrolled
2513,1387,1706,Enrolled
2514,2449,3079,Enrolled
2515,5959,194,Enrolled
2516,5073,1704,Enrolled
2517,7305,2027,Waitlist
2518,9086,1946,Enrolled
2519,7288,1045,Enrolled
2520,6591,1236,Enrolled
2521,2659,2334,Enrolled
2522,7113,1759,Waitlist
2523,1659,2672,Enrolled
2524,5073,2254,Enrolled
2525,8203,2547,Enrolled
2526,3660,319,Enrolled
2527,9331,1805,Enrolled
2528,2593,207,Enrolled
2529,8848,3300,Enrolled
2530,7636,3167,Enrolled
2531,5444,1672,Enrolled
2532,9991,1690,Enrolled
2533,4644,2183,Enrolled
2534,3688,380,Enrolled
2535,5049,2052,Enrolled
2536,7528,2352,Enrolled
2537,7834,1109,Enrolled
2538,3592,956,Enrolled
2539,9098,644,Enrolled
2540,6928,2291,Enrolled
2541,8295,1494,Enrolled
2542,1894,2945,Enrolled
2543,9254,3181,Enrolled
2544,8272,2692,Waitlist
2545,5706,3109,Enrolled
2546,4678,82,Enrolled
2547,8424,1857,Enrolled
2548,5473,1872,Enrolled
2549,5803,1771,Enrolled
2550,1994,1756,Waitlist
2551,2866,3064,Enrolled
2552,2771,2923,Enrolled
2553,9814,3234,Enrolled
2554,4610,1615,Waitlist
2555,7834,795,Enrolled
2556,6460,3299,Enrolled
2557,7222,2246,Enrolled
2558,5525,908,Enrolled
2559,2106,2784,Enrolled
2560,5444,1287,Enrolled
2561,5648,1813,Enrolled
2562,5041,1780,Waitlist
2563,1887,3181,Enrolled
2564,7785,3291,Enrolled
2565,8077,956,Enrolled
2566,5959,689,Enrolled
2567,4276,2793,Waitlist
2568,2771,253,Enrolled
2569,5778,1053,Enrolled
2570,2995,1899,Waitlist
2571,4626,2589,Enrolled
2572,9576,2507,Enrolled
2573,3044,3075,Waitlist
2574,1894,2735,Waitlist
2575,9814,346,Enrolled
2576,3137,3279,Waitlist
2577,3744,738,Enrolled
2578,5183,1822,Enrolled
2579,2234,3010,Enrolled
2580,8501,3086,Enrolled
2581,7288,783,Enrolled
2582,3200,1807,Enrolled
2583,7766,1477,Enrolled
2584,7288,997,Waitlist
2585,9553,1460,Enrolled
2586,5489,3217,Enrolled
2587,2005,1385,Waitlist
2588,8688,3196,Enrolled
2589,2492,807,Enrolled
2590,3592,1948,Enrolled
2591,7528,1882,Enrolled
2592,1621,2023,Enrolled
2593,1022,633,Enrolled
2594,3745,3260,Enrolled
2595,2817,3037,Waitlist
2596,1166,1288,Enrolled
2597,5544,2541,Enrolled
2598,7672,2512,Enrolled
2599,9307,3364,Enrolled
2600,7636,2417,Enrolled
2601,8237,1278,Enrolled
2602,8452,604,Enrolled
2603,4060,769,Enrolled
2604,5096,1025,Enrolled
2605,3755,2635,Enrolled
2606,6930,535,Enrolled
2607,7430,660,Waitlist
2608,4677,656,Enrolled
2609,7440,3286,Enrolled
2610,8685,2299,Enrolled
2611,8381,2223,Waitlist
2612,5813,2157,Enrolled
2613,2730,389,Enrolled
2614,4122,671,Enrolled
2615,6465,2417,Waitlist
2616,3561,180,Enrolled
2617,3545,857,Waitlist
2618,9791,2788,Enrolled
2619,2262,822,Enrolled
2620,7267,1335,Enrolled
2621,2530,1748,Enrolled
2622,6967,1468,Waitlist
2623,8993,2375,Enrolled
2624,7242,2167,Enrolled
2626,3044,38,Enrolled
2627,6820,3363,Enrolled
2628,2878,2319,Enrolled
2629,5670,501,Enrolled
2630,8149,833,Enrolled
2631,2659,2062,Waitlist
2632,9561,1608,Enrolled
2633,5128,3248,Enrolled
2634,2062,17,Enrolled
2635,2989,2375,Enrolled
2636,7305,1536,Enrolled
2637,2154,1303,Enrolled
2638,9189,3346,Enrolled
2639,5706,1133,Enrolled
2640,2022,2433,Enrolled
2641,1887,555,Enrolled
2642,1138,2651,Enrolled
2643,5105,3289,Enrolled
2644,4744,3215,Enrolled
2645,8077,1437,Enrolled
2646,4972,2409,Waitlist
2647,9307,1573,Enrolled
2648,2043,227,Enrolled
2649,6447,2205,Enrolled
2650,6395,1575,Enrolled
2651,1939,1973,Enrolled
2652,1725,1901,Enrolled
2653,1474,905,Enrolled
2654,5533,1671,Waitlist
2655,1383,1725,Enrolled
2656,1152,1081,Enrolled
2657,4644,1118,Enrolled
2658,4010,1930,Enrolled
2659,3044,3107,Enrolled
2660,6681,471,Enrolled
2661,4325,2234,Enrolled
2662,2029,76,Enrolled
2663,5563,142,Enrolled
2664,5905,1848,Enrolled
2665,7093,2043,Enrolled
2666,7367,3021,Enrolled
2667,5777,2091,Enrolled
2668,9189,844,Enrolled
2669,2747,3340,Enrolled
2670,2746,2273,Enrolled
2671,8501,3032,Enrolled
2672,6906,612,Enrolled
2673,8272,2695,Enrolled
2674,4728,1422,Enrolled
2675,4396,425,Waitlist
2676,8215,3172,Enrolled
2677,6622,727,Enrolled
2678,6862,93,Enrolled
2679,9978,351,Enrolled
2680,8849,2382,Enrolled
2681,8506,10,Waitlist
2682,5706,2924,Enrolled
2683,9609,425,Enrolled
2684,4010,2613,Enrolled
2685,2723,1588,Enrolled
2686,4711,2419,Enrolled
2687,1035,1744,Enrolled
2688,7077,853,Enrolled
2689,2776,2921,Enrolled
2690,7558,114,Enrolled
2691,9633,1618,Enrolled
2692,2938,2,Enrolled
2693,3508,2118,Waitlist
2694,2742,2497,Enrolled
2695,7563,2009,Enrolled
2696,4390,249,Enrolled
2697,1383,393,Enrolled
2698,9804,2700,Enrolled
2699,6893,2624,Enrolled
2700,6026,95,Enrolled
2701,7852,3295,Waitlist
2702,8511,2173,Enrolled
2703,8939,3391,Enrolled
2704,7705,157,Enrolled
2705,2314,692,Waitlist
2706,2970,145,Enrolled
2707,9436,2472,Enrolled
2708,4325,15,Enrolled
2709,1076,793,Enrolled
2710,5836,2487,Enrolled
2711,2040,1238,Enrolled
2712,5489,2829,Enrolled
2713,1019,120,Enrolled
2714,6633,387,Enrolled
2715,6989,2948,Enrolled
2716,9254,2755,Enrolled
2717,1659,3006,Enrolled
2718,5896,2321,Enrolled
2719,2492,235,Enrolled
2720,3972,2303,Enrolled
2721,9857,1147,Enrolled
2722,7649,1847,Enrolled
2723,2005,818,Enrolled
2724,7691,58,Enrolled
2725,6500,745,Enrolled
2726,6280,2207,Enrolled
2727,2387,544,Enrolled
2728,7697,962,Enrolled
2729,4365,1753,Enrolled
2730,6257,3018,Waitlist
2731,8242,2193,Enrolled
2732,9148,1847,Enrolled
2733,8157,2672,Enrolled
2734,5780,700,Enrolled
2735,3902,176,Enrolled
2736,8077,1113,Enrolled
2737,5127,257,Waitlist
2738,6931,80,Enrolled
2739,1231,1964,Enrolled
2740,3981,477,Enrolled
2741,2463,2323,Waitlist
2742,1372,2965,Enrolled
2743,2549,1737,Enrolled
2744,5525,899,Enrolled
2745,2256,2078,Enrolled
2746,2234,2008,Enrolled
2747,7939,3270,Enrolled
2748,1019,1819,Enrolled
2749,1019,1039,Enrolled
2750,9464,2704,Enrolled
2751,7751,2640,Enrolled
2752,6820,1051,Enrolled
2753,2070,1226,Enrolled
2754,8342,649,Enrolled
2755,8073,932,Enrolled
2756,8292,1187,Waitlist
2757,8452,3306,Enrolled
2758,8237,2835,Enrolled
2759,7812,1059,Enrolled
2760,1166,2325,Enrolled
2761,9234,2419,Enrolled
2762,1555,1621,Enrolled
2763,8619,825,Enrolled
2764,6952,13,Enrolled
2765,5813,1575,Enrolled
2766,4139,1741,Enrolled
2767,9196,962,Enrolled
2768,7862,432,Enrolled
2769,8816,1886,Enrolled
2770,6447,2697,Enrolled
2771,6340,2186,Enrolled
2772,5840,1906,Enrolled
2773,8177,1121,Enrolled
2774,8306,685,Waitlist
2775,8472,2235,Enrolled
2776,3994,1103,Enrolled
2777,1474,1599,Enrolled
2778,9814,1579,Enrolled
2779,9019,2507,Waitlist
2780,9021,2702,Enrolled
2781,8490,402,Enrolled
2782,9084,2600,Waitlist
2783,9212,3364,Enrolled
2784,3283,2768,Enrolled
2785,4144,3236,Enrolled
2786,1508,1772,Waitlist
2787,2106,3200,Enrolled
2788,3875,660,Enrolled
2789,1798,1993,Enrolled
2790,9991,1100,Enrolled
2791,5337,1699,Enrolled
2792,7852,599,Enrolled
2793,7581,25,Enrolled
2794,9464,1287,Enrolled
2795,2669,1583,Enrolled
2796,3539,2470,Enrolled
2797,5073,728,Enrolled
2798,2493,1712,Waitlist
2799,3561,3180,Enrolled
2800,6893,2279,Enrolled
2801,1621,200,Enrolled
2802,7705,1363,Enrolled
2803,5017,1475,Waitlist
2804,4077,2361,Enrolled
2805,7528,3058,Enrolled
2806,9691,750,Enrolled
2807,5386,929,Enrolled
2808,8216,887,Enrolled
2809,6727,607,Enrolled
2810,5183,2635,Enrolled
2811,8272,3072,Enrolled
2812,1897,1375,Enrolled
2813,3709,2725,Waitlist
2814,4264,1044,Enrolled
2815,2450,2939,Enrolled
2816,1994,3201,Enrolled
2817,1152,1543,Enrolled
2818,2746,166,Enrolled
2819,6280,657,Enrolled
2820,8854,484,Enrolled
2821,3755,2589,Enrolled
2822,1613,716,Waitlist
2823,6622,697,Enrolled
2824,6752,3297,Enrolled
2825,7914,1568,Enrolled
2826,9971,3026,Enrolled
2827,3744,3074,Enrolled
2828,7464,1283,Enrolled
2829,9464,3285,Waitlist
2830,5041,1015,Enrolled
2831,3323,2155,Enrolled
2832,4105,2512,Enrolled
2833,5440,136,Enrolled
2834,5009,78,Enrolled
2835,5840,2441,Enrolled
2836,3804,383,Enrolled
2837,5444,1439,Enrolled
2838,1653,1604,Enrolled
2839,2314,2059,Enrolled
2840,5896,3275,Enrolled
2841,1095,3096,Enrolled
2842,4060,2627,Enrolled
2843,8139,2122,Enrolled
2844,4510,2444,Enrolled
2845,4365,850,Enrolled
2846,1534,988,Enrolled
2847,5312,2063,Enrolled
2848,7437,3218,Waitlist
2849,5009,521,Enrolled
2850,7303,2768,Enrolled
2851,7813,695,Enrolled
2853,5533,3006,Waitlist
2854,7558,202,Enrolled
2855,4463,2387,Enrolled
2856,2262,1923,Enrolled
2857,3713,1742,Enrolled
2858,2549,1438,Enrolled
2859,3470,1764,Enrolled
2860,5648,189,Enrolled
2861,8306,1478,Enrolled
2862,8903,2997,Enrolled
2863,1058,2429,Enrolled
2864,8306,2007,Enrolled
2865,2699,2118,Enrolled
2866,8027,814,Enrolled
2867,4626,2767,Enrolled
2868,8681,2909,Waitlist
2869,8849,3066,Enrolled
2870,2493,17,Enrolled
2871,6581,1396,Enrolled
2872,2904,3385,Enrolled
2873,7325,865,Enrolled
2874,8242,1636,Enrolled
2875,3592,496,Enrolled
2876,8753,2102,Enrolled
2877,1879,126,Enrolled
2878,4696,2777,Enrolled
2879,4160,2292,Enrolled
2880,8077,1815,Enrolled
2881,1035,1588,Enrolled
2882,8842,25,Enrolled
2883,7113,2531,Enrolled
2884,7563,311,Enrolled
2885,5584,1852,Enrolled
2886,8749,861,Enrolled
2887,4276,308,Enrolled
2888,9133,144,Enrolled
2889,5096,759,Enrolled
2890,6152,2184,Enrolled
2891,4522,1454,Enrolled
2892,3243,1757,Enrolled
2893,5681,825,Enrolled
2894,5168,770,Enrolled
2895,6915,1159,Enrolled
2896,5648,273,Enrolled
2897,8237,862,Enrolled
2898,5440,1395,Waitlist
2899,4626,2205,Waitlist
2900,7563,2511,Enrolled
2901,3442,1603,Enrolled
2902,3986,1858,Enrolled
2903,1745,836,Enrolled
2904,8911,2495,Waitlist
2905,2715,2113,Enrolled
2906,9021,2524,Enrolled
2907,3137,1462,Waitlist
2908,1387,3040,Enrolled
2909,6727,1851,Enrolled
2910,2465,2630,Enrolled
2911,2771,1237,Enrolled
2912,9857,2785,Enrolled
2913,2387,418,Waitlist
2914,2674,1432,Enrolled
2915,3323,2567,Enrolled
2916,9192,3131,Enrolled
2917,3994,2855,Enrolled
2918,1508,2677,Enrolled
2919,2501,812,Waitlist
2920,3886,2438,Enrolled
2921,7785,1677,Enrolled
2922,8237,1535,Enrolled
2923,2465,1831,Enrolled
2924,1231,2473,Enrolled
2925,1517,2393,Enrolled
2926,3638,1594,Enrolled
2927,5127,185,Enrolled
2928,5440,2064,Enrolled
2929,2128,3016,Enrolled
2930,8292,1815,Enrolled
2931,9303,1387,Enrolled
2932,6952,573,Enrolled
2933,4077,180,Waitlist
2934,4727,73,Enrolled
2935,1745,1232,Enrolled
2936,7697,3219,Enrolled
2937,9553,2747,Enrolled
2938,3688,2585,Enrolled
2939,7862,2553,Enrolled
2940,2029,1454,Enrolled
2941,8027,1849,Waitlist
2942,7077,148,Enrolled
2943,6952,1521,Enrolled
2944,2253,535,Enrolled
2945,5717,2482,Enrolled
2946,9877,1442,Enrolled
2947,9976,972,Enrolled
2948,4522,1729,Enrolled
2949,2770,620,Enrolled
2950,8443,434,Enrolled
2951,8685,641,Waitlist
2952,5706,1081,Enrolled
2953,1273,1279,Enrolled
2954,4399,182,Enrolled
2955,8506,1802,Enrolled
2956,7211,3180,Enrolled
2957,5905,624,Waitlist
2958,8260,2390,Enrolled
2959,3184,3050,Enrolled
2960,4610,533,Enrolled
2961,7211,1340,Enrolled
2962,9706,1107,Enrolled
2963,5706,579,Enrolled
2964,4611,115,Enrolled
2965,4264,241,Waitlist
2966,1387,624,Enrolled
2967,1035,1152,Enrolled
2968,8840,461,Enrolled
2969,3855,969,Enrolled
2970,5049,1825,Enrolled
2971,2938,2229,Waitlist
2972,5929,1969,Enrolled
2973,3755,850,Enrolled
2974,6617,740,Enrolled
2975,9069,261,Enrolled
2976,7697,1318,Enrolled
2977,5681,3229,Enrolled
2978,1474,1194,Enrolled
2979,2530,2489,Enrolled
2980,7914,1765,Enrolled
2981,4744,2744,Enrolled
2982,6465,538,Enrolled
2983,5653,1853,Enrolled
2984,1474,650,Waitlist
2985,6500,2002,Enrolled
2986,1613,1502,Enrolled
2987,3660,2841,Enrolled
2988,2324,3125,Enrolled
2989,7367,339,Enrolled
2990,8242,3271,Waitlist
2991,1612,1569,Enrolled
2992,4853,2296,Enrolled
2993,8674,920,Enrolled
2994,4365,93,Enrolled
2995,8749,3373,Enrolled
2996,2730,2476,Enrolled
2997,2915,2296,Enrolled
2998,4365,1515,Enrolled
2999,2070,2554,Enrolled
