EnrollmentID,Grade,LetterGrade
1325,67.0,D
2167,61.0,D
2357,63.0,D
2964,56.0,F
1534,88.0,B
1871,95.0,A
1909,84.0,B
2369,97.0,A
166,97.0,A
323,87.0,B
413,97.0,A
1033,89.0,B
2252,85.0,B
523,77.0,C
690,69.0,D
1606,69.0,D
1722,75.0,C
2807,72.0,C
1213,91.0,A
1426,81.0,B
2471,84.0,B
2606,97.0,A
450,65.0,D
1175,68.0,D
1290,80.0,B
1535,76.0,C
1591,77.0,C
2711,73.0,C
140,86.0,B
482,82.0,B
677,91.0,A
1700,91.0,A
96,72.0,C
1716,79.0,C
2082,81.0,B
2773,80.0,B
790,63.0,D
1543,54.0,F
1992,52.0,F
2844,72.0,C
17,86.0,B
474,87.0,B
992,76.0,C
1768,79.0,C
2766,85.0,B
99,97.0,A
706,87.0,B
1885,86.0,B
2219,95.0,A
2450,81.0,B
1897,75.0,C
2003,82.0,B
2016,81.0,B
2992,78.0,C
1207,96.0,A
1391,100.0,A
1410,93.0,A
1468,100.0,A
2656,92.0,A
2817,89.0,B
5,87.0,B
391,91.0,A
518,95.0,A
589,94.0,A
974,91.0,A
1385,77.0,C
613,73.0,C
671,81.0,B
1547,64.0,D
2664,76.0,C
1070,83.0,B
1481,83.0,B
2432,86.0,B
2974,92.0,A
1268,62.0,D
2863,56.0,F
328,70.0,C
571,61.0,D
1083,77.0,C
2008,68.0,D
2250,67.0,D
2901,77.0,C
213,98.0,A
233,94.0,A
726,98.0,A
958,95.0,A
1067,80.0,B
2062,95.0,A
2088,97.0,A
2273,82.0,B
2462,79.0,C
2678,86.0,B
865,89.0,B
1473,99.0,A
2217,93.0,A
2311,100.0,A
2324,89.0,B
185,76.0,C
2620,85.0,B
694,93.0,A
2513,100.0,A
2908,81.0,B
2966,88.0,B
2321,91.0,A
309,69.0,D
729,58.0,F
2630,57.0,F
506,87.0,B
621,97.0,A
1515,95.0,A
1757,88.0,B
1779,93.0,A
1970,89.0,B
2211,86.0,B
2724,57.0,F
562,66.0,D
1573,59.0,F
654,86.0,B
1510,87.0,B
2621,70.0,C
2979,77.0,C
278,84.0,B
1308,83.0,B
108,70.0,C
392,65.0,D
767,71.0,C
1098,71.0,C
1551,65.0,D
1641,80.0,B
2466,65.0,D
2670,64.0,D
2818,78.0,C
1480,92.0,A
1520,82.0,B
2091,97.0,A
2959,80.0,B
390,95.0,A
1525,95.0,A
2143,78.0,C
2947,75.0,C
82,89.0,B
2472,83.0,B
751,54.0,F
2012,66.0,D
264,73.0,C
1039,87.0,B
1243,86.0,B
1818,83.0,B
2197,72.0,C
2509,79.0,C
2759,80.0,B
1023,82.0,B
1041,73.0,C
1206,67.0,D
1233,81.0,B
1497,55.0,F
2036,65.0,D
821,68.0,D
1704,70.0,C
76,89.0,B
1022,86.0,B
1367,86.0,B
1772,96.0,A
573,73.0,C
1493,67.0,D
2489,74.0,C
2918,73.0,C
1991,84.0,B
2298,90.0,A
2368,78.0,C
2763,85.0,B
997,83.0,B
1350,86.0,B
2204,86.0,B
2350,91.0,A
2552,95.0,A
2568,84.0,B
2911,92.0,A
875,79.0,C
1095,81.0,B
1788,62.0,D
2107,76.0,C
2795,64.0,D
570,99.0,A
702,85.0,B
1191,98.0,A
2017,93.0,A
2038,95.0,A
1035,82.0,B
1140,72.0,C
1296,94.0,A
1494,88.0,B
2726,95.0,A
2819,90.0,A
504,94.0,A
977,76.0,C
1627,88.0,B
1787,79.0,C
414,93.0,A
829,96.0,A
1009,99.0,A
1289,100.0,A
1443,96.0,A
1540,99.0,A
1834,90.0,A
2510,83.0,B
2596,84.0,B
2760,99.0,A
1224,100.0,A
1569,85.0,B
1658,87.0,B
2754,88.0,B
164,81.0,B
953,87.0,B
1852,71.0,C
2258,70.0,C
2876,77.0,C
116,93.0,A
1409,90.0,A
2808,94.0,A
897,67.0,D
2295,73.0,C
2314,82.0,B
71,84.0,B
717,95.0,A
1934,77.0,C
2632,87.0,B
923,84.0,B
1000,91.0,A
1208,100.0,A
1277,82.0,B
1708,89.0,B
178,77.0,C
446,81.0,B
581,68.0,D
615,88.0,B
1004,76.0,C
1677,88.0,B
1794,88.0,B
37,80.0,B
393,95.0,A
607,79.0,C
669,85.0,B
1157,93.0,A
1607,90.0,A
2289,92.0,A
522,79.0,C
1726,84.0,B
2209,70.0,C
434,74.0,C
558,79.0,C
1684,69.0,D
1611,77.0,C
25,100.0,A
1117,96.0,A
101,86.0,B
705,77.0,C
1079,94.0,A
1594,82.0,B
1947,78.0,C
1975,86.0,B
2291,93.0,A
2614,94.0,A
28,66.0,D
1417,79.0,C
226,89.0,B
228,89.0,B
786,91.0,A
933,97.0,A
1681,90.0,A
2479,81.0,B
2873,100.0,A
1051,59.0,F
1833,67.0,D
2152,63.0,D
2653,55.0,F
2777,68.0,D
2978,53.0,F
1498,78.0,C
2601,87.0,B
2758,84.0,B
2897,75.0,C
2922,78.0,C
305,95.0,A
935,88.0,B
2669,94.0,A
530,77.0,C
1849,66.0,D
345,96.0,A
441,91.0,A
575,92.0,A
792,78.0,C
1182,92.0,A
2624,81.0,B
133,88.0,B
291,87.0,B
292,90.0,A
480,92.0,A
727,94.0,A
1257,87.0,B
1425,58.0,F
1942,58.0,F
2394,69.0,D
1835,94.0,A
2182,78.0,C
711,78.0,C
1339,63.0,D
1388,62.0,D
1548,75.0,C
2034,82.0,B
2738,64.0,D
327,82.0,B
369,79.0,C
373,73.0,C
660,70.0,C
761,90.0,A
793,98.0,A
1102,92.0,A
1162,94.0,A
1190,84.0,B
1256,94.0,A
1411,100.0,A
265,81.0,B
467,84.0,B
745,85.0,B
1310,83.0,B
1461,83.0,B
1255,86.0,B
2138,90.0,A
2720,79.0,C
451,70.0,C
545,69.0,D
593,78.0,C
893,86.0,B
283,97.0,A
1584,91.0,A
2564,96.0,A
2921,95.0,A
296,73.0,C
956,73.0,C
1924,70.0,C
2691,80.0,B
78,69.0,D
103,54.0,F
464,65.0,D
486,55.0,F
1697,61.0,D
1014,78.0,C
1263,77.0,C
1283,77.0,C
1604,87.0,B
2193,85.0,B
2767,82.0,B
257,58.0,F
1084,62.0,D
209,65.0,D
595,52.0,F
1082,67.0,D
2037,71.0,C
2540,57.0,F
1856,67.0,D
2343,73.0,C
2453,71.0,C
2824,74.0,C
784,87.0,B
1643,87.0,B
1984,98.0,A
2735,93.0,A
932,89.0,B
1046,93.0,A
1150,76.0,C
2458,82.0,B
348,89.0,B
972,92.0,A
973,83.0,B
2412,84.0,B
2599,97.0,A
2647,90.0,A
1024,86.0,B
64,85.0,B
1241,96.0,A
1439,84.0,B
1471,86.0,B
1527,84.0,B
1953,80.0,B
2728,92.0,A
2936,85.0,B
2976,80.0,B
463,87.0,B
1101,81.0,B
1373,90.0,A
2633,85.0,B
274,64.0,D
564,74.0,C
2257,69.0,D
826,95.0,A
2527,100.0,A
158,64.0,D
287,66.0,D
1333,71.0,C
1674,63.0,D
2686,77.0,C
156,94.0,A
1474,82.0,B
2065,90.0,A
2386,87.0,B
1642,87.0,B
2045,69.0,D
2322,78.0,C
1421,72.0,C
1750,61.0,D
2004,63.0,D
2040,57.0,F
2048,64.0,D
2476,61.0,D
2629,53.0,F
1377,92.0,A
2163,84.0,B
2809,98.0,A
2909,86.0,B
1218,77.0,C
1629,83.0,B
2332,84.0,B
2546,73.0,C
87,98.0,A
432,84.0,B
440,93.0,A
750,99.0,A
755,83.0,B
2610,98.0,A
1040,80.0,B
1148,68.0,D
2662,75.0,C
2940,62.0,D
215,78.0,C
572,77.0,C
999,70.0,C
1226,68.0,D
1630,76.0,C
1755,67.0,D
1773,80.0,B
1965,80.0,B
2293,69.0,D
2572,64.0,D
288,76.0,C
738,67.0,D
2268,68.0,D
2285,60.0,D
2380,64.0,D
2649,72.0,C
2770,66.0,D
73,100.0,A
388,96.0,A
1092,98.0,A
1244,93.0,A
2968,94.0,A
261,67.0,D
1441,59.0,F
1467,71.0,C
1805,54.0,F
2603,55.0,F
2842,64.0,D
1269,76.0,C
238,72.0,C
960,59.0,F
1505,56.0,F
1648,54.0,F
2238,61.0,D
2501,54.0,F
114,78.0,C
126,80.0,B
187,86.0,B
799,83.0,B
980,75.0,C
1060,72.0,C
1943,77.0,C
44,81.0,B
1178,81.0,B
2105,83.0,B
2272,82.0,B
2688,91.0,A
2942,99.0,A
722,61.0,D
943,60.0,D
1449,75.0,C
2406,80.0,B
2930,78.0,C
222,87.0,B
329,87.0,B
1345,80.0,B
1719,94.0,A
1748,76.0,C
1964,90.0,A
2323,82.0,B
2463,84.0,B
870,92.0,A
1054,86.0,B
1531,85.0,B
2263,80.0,B
2761,78.0,C
254,90.0,A
699,99.0,A
737,100.0,A
1353,90.0,A
1813,91.0,A
1202,81.0,B
2083,72.0,C
371,72.0,C
648,63.0,D
789,58.0,F
1159,71.0,C
1172,68.0,D
1416,71.0,C
1612,59.0,F
744,96.0,A
1177,83.0,B
1974,91.0,A
577,81.0,B
657,95.0,A
2893,91.0,A
2977,91.0,A
161,95.0,A
208,84.0,B
1127,84.0,B
1240,76.0,C
1556,81.0,B
2695,76.0,C
2884,89.0,B
2900,95.0,A
227,91.0,A
368,90.0,A
568,85.0,B
1923,83.0,B
2117,80.0,B
2439,98.0,A
2482,87.0,B
119,88.0,B
172,75.0,C
624,79.0,C
1314,87.0,B
1359,74.0,C
1944,71.0,C
2110,70.0,C
2132,83.0,B
1337,59.0,F
1451,70.0,C
1998,58.0,F
531,89.0,B
903,87.0,B
48,85.0,B
112,85.0,B
2828,83.0,B
2113,88.0,B
2232,88.0,B
2315,88.0,B
2680,75.0,C
2869,95.0,A
169,60.0,D
349,72.0,C
1165,53.0,F
1437,64.0,D
2475,63.0,D
747,88.0,B
1123,77.0,C
1136,70.0,C
1665,79.0,C
2508,72.0,C
80,80.0,B
196,94.0,A
1948,81.0,B
2057,84.0,B
2788,89.0,B
1949,76.0,C
2373,63.0,D
2851,73.0,C
175,65.0,D
1657,69.0,D
2318,63.0,D
210,90.0,A
244,75.0,C
606,78.0,C
2872,70.0,C
1319,88.0,B
97,89.0,B
358,100.0,A
964,93.0,A
2266,96.0,A
2742,100.0,A
1519,74.0,C
1524,70.0,C
788,70.0,C
1487,59.0,F
1730,68.0,D
1785,80.0,B
2035,88.0,B
864,84.0,B
1099,96.0,A
190,80.0,B
225,82.0,B
252,96.0,A
387,88.0,B
2488,93.0,A
2820,77.0,C
22,57.0,F
1545,64.0,D
2026,54.0,F
1042,82.0,B
1580,79.0,C
2127,68.0,D
2407,69.0,D
948,82.0,B
1855,100.0,A
2710,96.0,A
62,71.0,C
1055,71.0,C
674,64.0,D
982,52.0,F
1326,62.0,D
1362,70.0,C
1927,66.0,D
1951,64.0,D
1113,73.0,C
1363,84.0,B
1866,86.0,B
2140,89.0,B
842,83.0,B
1396,80.0,B
1452,72.0,C
2222,86.0,B
2392,71.0,C
2623,76.0,C
1711,86.0,B
2039,82.0,B
356,92.0,A
2027,94.0,A
2133,82.0,B
2478,91.0,A
455,80.0,B
927,65.0,D
1005,79.0,C
1297,69.0,D
2381,82.0,B
376,75.0,C
519,76.0,C
1884,80.0,B
171,66.0,D
203,62.0,D
1284,72.0,C
1842,63.0,D
1862,58.0,F
2158,66.0,D
2519,64.0,D
2581,70.0,C
2370,83.0,B
457,84.0,B
2009,81.0,B
625,72.0,C
641,76.0,C
680,68.0,D
1209,82.0,B
1395,82.0,B
2465,66.0,D
2914,62.0,D
462,52.0,F
587,58.0,F
769,72.0,C
775,61.0,D
2221,67.0,D
2278,57.0,F
2307,70.0,C
277,62.0,D
1301,78.0,C
1514,67.0,D
1832,63.0,D
1959,65.0,D
2284,77.0,C
2727,74.0,C
281,79.0,C
733,75.0,C
918,73.0,C
1507,76.0,C
2334,72.0,C
715,93.0,A
1002,78.0,C
1403,77.0,C
2529,85.0,B
212,70.0,C
1516,88.0,B
1850,80.0,B
2151,73.0,C
2297,85.0,B
2490,87.0,B
1369,84.0,B
1980,87.0,B
2402,100.0,A
2507,91.0,A
941,79.0,C
2652,89.0,B
375,88.0,B
658,100.0,A
835,90.0,A
905,89.0,B
1304,96.0,A
2074,92.0,A
884,91.0,A
1599,95.0,A
1939,87.0,B
2162,85.0,B
2772,97.0,A
2835,96.0,A
354,81.0,B
1130,80.0,B
1776,76.0,C
1926,81.0,B
2120,77.0,C
2387,80.0,B
565,92.0,A
797,96.0,A
1419,95.0,A
1550,79.0,C
1633,89.0,B
681,91.0,A
1889,85.0,B
2666,83.0,B
2989,82.0,B
27,71.0,C
372,76.0,C
475,75.0,C
410,81.0,B
862,74.0,C
1232,77.0,C
1544,64.0,D
2792,66.0,D
72,74.0,C
2467,76.0,C
2703,82.0,B
298,79.0,C
936,76.0,C
1096,83.0,B
2673,76.0,C
2811,81.0,B
200,95.0,A
902,95.0,A
1485,92.0,A
1646,90.0,A
2179,85.0,B
2225,96.0,A
2605,98.0,A
2821,87.0,B
2973,84.0,B
618,95.0,A
866,91.0,A
1299,95.0,A
1430,89.0,B
1450,89.0,B
1875,91.0,A
66,96.0,A
282,78.0,C
2417,88.0,B
991,79.0,C
1530,87.0,B
2025,83.0,B
2172,71.0,C
2269,85.0,B
636,89.0,B
718,100.0,A
1016,96.0,A
2087,82.0,B
2459,100.0,A
2702,91.0,A
1387,94.0,A
1859,90.0,A
239,78.0,C
839,66.0,D
1672,72.0,C
1727,64.0,D
1765,61.0,D
2063,66.0,D
2586,65.0,D
2712,76.0,C
1689,74.0,C
1695,72.0,C
1770,77.0,C
2534,76.0,C
2938,79.0,C
453,66.0,D
954,73.0,C
1536,58.0,F
2103,71.0,C
2276,74.0,C
138,74.0,C
559,79.0,C
602,62.0,D
2336,75.0,C
2481,73.0,C
883,94.0,A
2442,85.0,B
2542,81.0,B
603,59.0,F
1659,66.0,D
2422,68.0,D
2484,64.0,D
2953,63.0,D
201,79.0,C
302,93.0,A
498,76.0,C
1106,80.0,B
1600,94.0,A
1608,94.0,A
1956,83.0,B
2142,82.0,B
2220,88.0,B
2747,76.0,C
1479,67.0,D
1680,68.0,D
2404,68.0,D
850,87.0,B
2619,81.0,B
2856,79.0,C
317,84.0,B
1533,74.0,C
2275,84.0,B
2531,84.0,B
2560,85.0,B
2837,77.0,C
260,70.0,C
307,82.0,B
682,71.0,C
1037,84.0,B
2667,78.0,C
691,96.0,A
1075,94.0,A
1307,82.0,B
1444,93.0,A
63,86.0,B
2096,84.0,B
2385,100.0,A
2885,81.0,B
1266,68.0,D
1631,68.0,D
1644,61.0,D
231,86.0,B
249,95.0,A
1048,81.0,B
1305,85.0,B
2337,90.0,A
2569,86.0,B
1119,80.0,B
1763,83.0,B
1990,77.0,C
445,76.0,C
637,75.0,C
2891,77.0,C
2948,73.0,C
331,83.0,B
497,89.0,B
74,95.0,A
2237,85.0,B
2440,85.0,B
2635,87.0,B
484,59.0,F
1365,53.0,F
2090,69.0,D
2502,52.0,F
663,92.0,A
665,89.0,B
1231,91.0,A
1880,90.0,A
2436,89.0,B
267,75.0,C
2119,81.0,B
2495,69.0,D
600,85.0,B
921,83.0,B
2312,76.0,C
2335,85.0,B
524,80.0,B
899,74.0,C
1253,68.0,D
1502,63.0,D
2384,72.0,C
2592,64.0,D
2801,78.0,C
42,86.0,B
68,98.0,A
820,96.0,A
1141,90.0,A
1490,83.0,B
1566,79.0,C
1983,96.0,A
2098,90.0,A
2195,94.0,A
651,86.0,B
881,87.0,B
1312,95.0,A
2434,100.0,A
2733,86.0,B
380,88.0,B
1317,97.0,A
1783,95.0,A
2700,88.0,B
748,91.0,A
1073,90.0,A
1489,100.0,A
1799,96.0,A
2351,97.0,A
2725,81.0,B
2985,90.0,A
1898,71.0,C
83,87.0,B
684,97.0,A
878,77.0,C
1111,81.0,B
1413,81.0,B
2905,93.0,A
1155,77.0,C
275,55.0,F
910,70.0,C
2704,70.0,C
2802,53.0,F
179,97.0,A
1428,88.0,B
1044,57.0,F
2077,58.0,F
2696,65.0,D
1737,88.0,B
2870,88.0,B
555,73.0,C
704,87.0,B
1940,86.0,B
1995,72.0,C
2180,78.0,C
2281,75.0,C
2491,76.0,C
2934,88.0,B
551,86.0,B
662,86.0,B
1025,96.0,A
1717,82.0,B
2718,80.0,B
2840,94.0,A
90,78.0,C
906,71.0,C
1966,73.0,C
1976,77.0,C
2410,74.0,C
2706,82.0,B
316,60.0,D
367,60.0,D
945,68.0,D
1189,52.0,F
2310,81.0,B
2558,80.0,B
2744,80.0,B
888,63.0,D
2497,65.0,D
2613,67.0,D
2996,56.0,F
11,60.0,D
1841,70.0,C
1968,68.0,D
2084,54.0,F
2296,65.0,D
2427,68.0,D
2986,69.0,D
248,63.0,D
1400,55.0,F
46,93.0,A
561,100.0,A
740,100.0,A
2020,94.0,A
2931,94.0,A
401,79.0,C
2189,72.0,C
2047,80.0,B
2131,86.0,B
2214,70.0,C
2571,79.0,C
2867,83.0,B
1654,93.0,A
882,70.0,C
1620,70.0,C
2361,72.0,C
2414,82.0,B
2732,79.0,C
1330,78.0,C
1393,60.0,D
2677,72.0,C
2823,59.0,F
9,100.0,A
695,86.0,B
753,91.0,A
1008,89.0,B
1030,83.0,B
1736,89.0,B
2022,91.0,A
2431,92.0,A
2512,98.0,A
2612,97.0,A
2765,100.0,A
917,70.0,C
951,58.0,F
1116,60.0,D
2877,68.0,D
237,69.0,D
810,76.0,C
1819,75.0,C
1895,61.0,D
2265,78.0,C
2859,63.0,D
739,81.0,B
1483,86.0,B
2398,86.0,B
2988,84.0,B
1238,65.0,D
2100,77.0,C
2709,63.0,D
1572,93.0,A
2135,100.0,A
2426,83.0,B
1347,95.0,A
1786,76.0,C
2156,82.0,B
1683,62.0,D
2395,71.0,C
2409,52.0,F
157,70.0,C
439,66.0,D
1062,81.0,B
1368,81.0,B
2207,92.0,A
2399,97.0,A
2768,97.0,A
2939,78.0,C
540,86.0,B
560,68.0,D
1615,68.0,D
1718,84.0,B
2043,78.0,C
230,75.0,C
514,76.0,C
549,81.0,B
2521,87.0,B
57,90.0,A
192,91.0,A
1778,92.0,A
2865,97.0,A
163,78.0,C
326,74.0,C
492,60.0,D
1663,71.0,C
2202,77.0,C
1132,72.0,C
1360,90.0,A
1478,87.0,B
88,86.0,B
143,91.0,A
1121,80.0,B
1978,88.0,B
2187,100.0,A
2764,90.0,A
2932,96.0,A
2943,89.0,B
749,87.0,B
962,91.0,A
1158,79.0,C
1872,85.0,B
2287,92.0,A
110,79.0,C
336,82.0,B
2430,86.0,B
427,73.0,C
566,62.0,D
1836,91.0,A
1853,85.0,B
1932,80.0,B
2397,87.0,B
517,69.0,D
541,70.0,C
633,70.0,C
2092,69.0,D
151,64.0,D
495,80.0,B
1236,65.0,D
2294,66.0,D
685,85.0,B
1089,74.0,C
303,92.0,A
971,91.0,A
1581,76.0,C
2150,80.0,B
150,87.0,B
574,98.0,A
1938,92.0,A
2806,86.0,B
207,93.0,A
579,86.0,B
1052,89.0,B
1774,80.0,B
2154,95.0,A
2200,77.0,C
2838,92.0,A
776,86.0,B
2553,92.0,A
2575,86.0,B
2778,96.0,A
217,97.0,A
605,78.0,C
1809,83.0,B
1881,77.0,C
2264,91.0,A
817,65.0,D
877,59.0,F
1438,70.0,C
1655,60.0,D
2146,61.0,D
2637,57.0,F
644,85.0,B
1735,91.0,A
2692,79.0,C
229,57.0,F
1703,55.0,F
38,62.0,D
2616,67.0,D
2799,74.0,C
3,81.0,B
33,100.0,A
183,93.0,A
195,82.0,B
285,90.0,A
796,89.0,B
1420,95.0,A
1596,87.0,B
1840,85.0,B
2106,98.0,A
2178,88.0,B
2391,80.0,B
798,90.0,A
836,95.0,A
1066,91.0,A
1228,81.0,B
1292,97.0,A
1334,97.0,A
1379,93.0,A
100,70.0,C
879,83.0,B
1080,71.0,C
1242,86.0,B
1721,71.0,C
2018,68.0,D
300,62.0,D
719,67.0,D
1131,75.0,C
1501,63.0,D
2415,79.0,C
1180,87.0,B
1738,92.0,A
1844,88.0,B
30,90.0,A
1899,91.0,A
1215,70.0,C
1455,58.0,F
2857,63.0,D
152,89.0,B
828,87.0,B
889,87.0,B
2041,79.0,C
279,88.0,B
350,70.0,C
794,77.0,C
988,79.0,C
1076,81.0,B
1503,82.0,B
1699,77.0,C
2962,80.0,B
765,88.0,B
1272,75.0,C
1747,71.0,C
2001,77.0,C
2448,86.0,B
2585,82.0,B
2937,70.0,C
859,78.0,C
1105,96.0,A
1905,96.0,A
1907,84.0,B
223,75.0,C
2401,71.0,C
785,84.0,B
1135,83.0,B
1488,75.0,C
1587,79.0,C
1828,80.0,B
1878,89.0,B
2348,89.0,B
2589,95.0,A
2719,92.0,A
1920,71.0,C
1945,75.0,C
598,98.0,A
683,80.0,B
833,97.0,A
1260,87.0,B
2164,87.0,B
2224,94.0,A
2699,92.0,A
2800,89.0,B
854,77.0,C
1356,63.0,D
1390,81.0,B
1610,68.0,D
1829,73.0,C
1021,86.0,B
1118,94.0,A
2241,94.0,A
2382,86.0,B
234,81.0,B
351,84.0,B
569,83.0,B
860,84.0,B
1303,70.0,C
1678,81.0,B
2280,71.0,C
2960,85.0,B
347,85.0,B
880,77.0,C
1602,70.0,C
1921,76.0,C
2477,77.0,C
2545,76.0,C
2639,84.0,B
2682,76.0,C
2952,72.0,C
2963,76.0,C
403,87.0,B
2498,90.0,A
2776,95.0,A
2917,96.0,A
896,52.0,F
2563,64.0,D
2641,53.0,F
40,99.0,A
1636,96.0,A
1857,83.0,B
2781,93.0,A
1344,100.0,A
1397,93.0,A
1720,95.0,A
2644,100.0,A
2981,100.0,A
247,78.0,C
612,64.0,D
968,75.0,C
1383,63.0,D
2396,73.0,C
2886,72.0,C
2995,80.0,B
548,55.0,F
871,61.0,D
2245,53.0,F
2594,82.0,B
1486,84.0,B
1713,92.0,A
2136,85.0,B
75,81.0,B
1248,94.0,A
1341,86.0,B
1484,94.0,A
1769,88.0,B
2155,75.0,C
2375,59.0,F
1057,100.0,A
2958,89.0,B
436,90.0,A
1053,81.0,B
1065,80.0,B
1565,84.0,B
2769,78.0,C
18,76.0,C
1575,82.0,B
1918,75.0,C
588,87.0,B
634,77.0,C
1903,78.0,C
2061,85.0,B
2147,80.0,B
2750,86.0,B
2794,81.0,B
2049,87.0,B
2451,86.0,B
1335,88.0,B
415,80.0,B
1588,85.0,B
1941,80.0,B
2190,81.0,B
2441,80.0,B
2518,71.0,C
396,80.0,B
1676,73.0,C
2839,88.0,B
851,87.0,B
926,74.0,C
1861,82.0,B
1870,82.0,B
1930,73.0,C
2216,80.0,B
220,79.0,C
404,74.0,C
41,97.0,A
1164,88.0,B
1823,85.0,B
2066,85.0,B
2196,87.0,B
2303,99.0,A
2428,99.0,A
340,82.0,B
616,90.0,A
712,85.0,B
1346,83.0,B
1800,84.0,B
2144,80.0,B
2796,94.0,A
115,85.0,B
272,87.0,B
735,81.0,B
963,70.0,C
1994,79.0,C
2344,78.0,C
1019,72.0,C
1220,82.0,B
1801,71.0,C
1904,72.0,C
2929,71.0,C
909,77.0,C
1254,93.0,A
1280,87.0,B
1987,91.0,A
1028,84.0,B
1259,96.0,A
1321,81.0,B
2014,86.0,B
2461,94.0,A
557,65.0,D
601,63.0,D
649,82.0,B
1187,70.0,C
1617,82.0,B
419,63.0,D
891,76.0,C
1433,70.0,C
1793,70.0,C
2081,78.0,C
400,75.0,C
1081,73.0,C
1415,71.0,C
2246,66.0,D
599,53.0,F
1701,58.0,F
1764,59.0,F
162,86.0,B
168,100.0,A
2429,100.0,A
815,88.0,B
39,78.0,C
339,86.0,B
1279,89.0,B
1639,81.0,B
2165,90.0,A
752,90.0,A
2024,92.0,A
2044,97.0,A
1091,92.0,A
1371,97.0,A
2021,89.0,B
2355,81.0,B
2408,99.0,A
144,100.0,A
1171,94.0,A
550,66.0,D
1586,80.0,B
2089,62.0,D
2203,74.0,C
2532,65.0,D
2790,76.0,C
93,77.0,C
197,81.0,B
643,75.0,C
912,88.0,B
1234,83.0,B
1961,85.0,B
2983,81.0,B
487,81.0,B
892,86.0,B
1512,97.0,A
1638,83.0,B
1780,88.0,B
2504,97.0,A
2982,99.0,A
406,86.0,B
1694,90.0,A
2166,85.0,B
2783,87.0,B
609,91.0,A
1288,97.0,A
1491,91.0,A
2174,85.0,B
2251,96.0,A
2650,63.0,D
290,64.0,D
614,83.0,B
987,100.0,A
165,66.0,D
321,66.0,D
1043,77.0,C
1222,78.0,C
333,80.0,B
398,79.0,C
1170,84.0,B
1406,79.0,C
1649,75.0,C
1715,81.0,B
2054,93.0,A
2300,87.0,B
2609,95.0,A
58,77.0,C
778,73.0,C
98,96.0,A
224,84.0,B
1286,84.0,B
2205,98.0,A
844,87.0,B
1045,87.0,B
1647,83.0,B
1090,77.0,C
1839,74.0,C
2438,83.0,B
102,73.0,C
823,70.0,C
1114,72.0,C
2834,73.0,C
2849,59.0,F
1343,84.0,B
1560,80.0,B
1589,81.0,B
56,79.0,C
435,95.0,A
849,83.0,B
236,91.0,A
1097,73.0,C
1186,72.0,C
1710,67.0,D
1893,67.0,D
2270,68.0,D
488,80.0,B
1354,79.0,C
2390,92.0,A
2975,87.0,B
423,86.0,B
1267,91.0,A
1740,84.0,B
576,80.0,B
887,85.0,B
929,70.0,C
989,87.0,B
1613,82.0,B
2236,70.0,C
2239,79.0,C
2894,79.0,C
159,75.0,C
362,83.0,B
507,68.0,D
511,82.0,B
1896,71.0,C
1954,100.0,A
2890,92.0,A
808,87.0,B
976,86.0,B
1219,87.0,B
1318,93.0,A
1453,88.0,B
2175,100.0,A
2916,95.0,A
45,87.0,B
922,93.0,A
938,94.0,A
1179,94.0,A
2,80.0,B
791,95.0,A
2556,81.0,B
787,84.0,B
1063,72.0,C
1499,85.0,B
698,87.0,B
2123,92.0,A
2833,75.0,C
2928,84.0,B
107,69.0,D
407,74.0,C
466,70.0,C
1562,79.0,C
1645,73.0,C
1955,78.0,C
313,74.0,C
476,71.0,C
1660,74.0,C
2111,76.0,C
2283,72.0,C
2528,69.0,D
23,69.0,D
36,58.0,F
1173,63.0,D
2002,69.0,D
2080,58.0,F
2102,61.0,D
2262,68.0,D
2882,67.0,D
1635,61.0,D
1761,53.0,F
2862,71.0,C
1378,71.0,C
417,80.0,B
465,89.0,B
770,90.0,A
1518,96.0,A
1664,78.0,C
2208,90.0,A
2327,85.0,B
2920,90.0,A
142,77.0,C
623,74.0,C
1010,77.0,C
1124,73.0,C
1570,81.0,B
1707,78.0,C
1957,72.0,C
2539,79.0,C
286,95.0,A
1578,86.0,B
1901,98.0,A
2031,99.0,A
146,81.0,B
469,63.0,D
709,69.0,D
746,64.0,D
1167,62.0,D
1504,74.0,C
2099,82.0,B
246,92.0,A
425,78.0,C
448,88.0,B
779,84.0,B
1756,77.0,C
2640,83.0,B
421,80.0,B
585,65.0,D
1133,79.0,C
1194,81.0,B
1302,67.0,D
1753,69.0,D
2255,76.0,C
2755,78.0,C
898,58.0,F
2582,67.0,D
147,94.0,A
913,89.0,B
1775,88.0,B
2345,88.0,B
2850,93.0,A
424,83.0,B
1432,82.0,B
1802,77.0,C
2108,80.0,B
2338,80.0,B
468,73.0,C
1270,93.0,A
728,83.0,B
937,71.0,C
1229,76.0,C
1465,87.0,B
2577,72.0,C
2827,71.0,C
232,97.0,A
2231,85.0,B
2734,90.0,A
843,77.0,C
1553,79.0,C
2210,89.0,B
2256,88.0,B
2557,80.0,B
1152,93.0,A
1311,100.0,A
1732,98.0,A
2356,88.0,B
2578,84.0,B
2810,100.0,A
1568,91.0,A
1752,96.0,A
20,90.0,A
583,85.0,B
629,96.0,A
1195,95.0,A
136,62.0,D
802,72.0,C
53,91.0,A
742,81.0,B
1810,91.0,A
2721,82.0,B
2912,77.0,C
2290,67.0,D
2643,63.0,D
667,82.0,B
2069,97.0,A
2362,97.0,A
189,91.0,A
760,91.0,A
966,82.0,B
1690,75.0,C
1824,85.0,B
2376,82.0,B
1831,73.0,C
2618,71.0,C
631,81.0,B
838,81.0,B
1913,93.0,A
2070,93.0,A
418,84.0,B
1521,84.0,B
1673,100.0,A
2030,85.0,B
2694,91.0,A
294,90.0,A
547,77.0,C
2101,82.0,B
2191,77.0,C
2452,78.0,C
610,82.0,B
2561,79.0,C
2860,94.0,A
2896,84.0,B
543,77.0,C
2785,71.0,C
135,97.0,A
186,83.0,B
320,87.0,B
399,87.0,B
925,82.0,B
949,87.0,B
2698,78.0,C
1539,91.0,A
2771,92.0,A
1003,76.0,C
1670,81.0,B
2075,90.0,A
2887,90.0,A
199,92.0,A
1015,90.0,A
2109,93.0,A
2201,98.0,A
2486,82.0,B
259,97.0,A
724,93.0,A
759,90.0,A
1567,95.0,A
1656,84.0,B
381,89.0,B
1201,95.0,A
1702,82.0,B
1958,84.0,B
2328,82.0,B
2836,80.0,B
361,74.0,C
1237,78.0,C
2093,67.0,D
2184,65.0,D
2830,65.0,D
620,55.0,F
908,56.0,F
1626,65.0,D
1651,52.0,F
2185,72.0,C
2500,52.0,F
1472,70.0,C
1668,68.0,D
2602,76.0,C
2757,74.0,C
1323,93.0,A
1554,89.0,B
1571,96.0,A
1993,83.0,B
2023,82.0,B
2215,79.0,C
2319,92.0,A
2636,94.0,A
818,99.0,A
2715,100.0,A
311,85.0,B
366,75.0,C
1088,77.0,C
1981,82.0,B
825,82.0,B
1914,77.0,C
2354,79.0,C
2549,81.0,B
2511,67.0,D
2665,78.0,C
250,100.0,A
608,98.0,A
1376,89.0,B
1431,82.0,B
2013,90.0,A
2902,86.0,B
970,85.0,B
1583,97.0,A
2861,90.0,A
2864,99.0,A
757,87.0,B
1685,86.0,B
2895,79.0,C
1309,75.0,C
1973,76.0,C
2514,74.0,C
986,93.0,A
1107,90.0,A
1538,84.0,B
1650,81.0,B
1851,95.0,A
2814,81.0,B
856,79.0,C
1463,85.0,B
2121,85.0,B
2537,78.0,C
2555,86.0,B
832,62.0,D
1050,64.0,D
1887,70.0,C
2789,67.0,D
16,62.0,D
289,63.0,D
743,77.0,C
51,79.0,C
121,90.0,A
132,86.0,B
591,81.0,B
668,91.0,A
1816,86.0,B
2046,97.0,A
2892,77.0,C
1017,97.0,A
2060,83.0,B
2435,85.0,B
1144,75.0,C
2729,88.0,B
2845,77.0,C
2994,95.0,A
2998,82.0,B
632,70.0,C
846,79.0,C
2071,80.0,B
312,71.0,C
713,86.0,B
730,69.0,D
2056,77.0,C
2104,66.0,D
2274,65.0,D
2525,81.0,B
1619,95.0,A
1820,75.0,C
688,69.0,D
1156,65.0,D
1329,67.0,D
1879,52.0,F
2685,67.0,D
125,71.0,C
449,58.0,F
483,67.0,D
831,69.0,D
1506,61.0,D
1671,70.0,C
332,79.0,C
527,73.0,C
532,81.0,B
1814,81.0,B
2663,87.0,B
31,65.0,D
324,61.0,D
444,76.0,C
1459,74.0,C
1936,66.0,D
2480,63.0,D
2949,78.0,C
470,80.0,B
848,88.0,B
2137,98.0,A
2349,86.0,B
124,69.0,D
806,69.0,D
931,75.0,C
1137,75.0,C
1149,70.0,C
2944,81.0,B
2925,85.0,B
273,58.0,F
639,62.0,D
170,82.0,B
1001,97.0,A
2520,98.0,A
193,87.0,B
430,83.0,B
656,92.0,A
1424,90.0,A
1482,86.0,B
1032,83.0,B
1251,87.0,B
2991,88.0,B
701,85.0,B
857,84.0,B
1011,80.0,B
816,62.0,D
1146,52.0,F
2171,60.0,D
2579,55.0,F
2746,61.0,D
149,67.0,D
184,65.0,D
429,62.0,D
1466,52.0,F
1546,57.0,F
1555,60.0,D
160,66.0,D
243,55.0,F
2454,53.0,F
947,86.0,B
2826,84.0,B
315,84.0,B
357,87.0,B
814,83.0,B
1394,77.0,C
1767,75.0,C
1796,82.0,B
1821,82.0,B
2722,78.0,C
54,77.0,C
1331,78.0,C
2825,93.0,A
2980,83.0,B
1355,88.0,B
1595,76.0,C
2411,77.0,C
214,77.0,C
813,72.0,C
1185,65.0,D
1618,68.0,D
1877,75.0,C
1197,84.0,B
1837,81.0,B
2352,97.0,A
2888,93.0,A
52,72.0,C
69,82.0,B
92,71.0,C
104,79.0,C
1585,85.0,B
1790,80.0,B
412,87.0,B
546,80.0,B
2073,82.0,B
1616,85.0,B
1632,98.0,A
2972,99.0,A
529,69.0,D
1324,60.0,D
1682,64.0,D
2072,61.0,D
2762,55.0,F
8,86.0,B
219,75.0,C
494,76.0,C
678,76.0,C
2286,79.0,C
2658,90.0,A
2684,75.0,C
512,69.0,D
597,73.0,C
679,87.0,B
890,73.0,C
1184,82.0,B
1418,78.0,C
2403,88.0,B
732,67.0,D
454,86.0,B
1199,85.0,B
1316,68.0,D
2608,79.0,C
318,97.0,A
845,99.0,A
939,100.0,A
1104,82.0,B
1458,96.0,A
2739,94.0,A
2924,85.0,B
795,89.0,B
2945,94.0,A
202,59.0,F
499,52.0,F
946,65.0,D
1151,65.0,D
1781,72.0,C
2316,72.0,C
2955,58.0,F
915,55.0,F
1018,52.0,F
1282,52.0,F
1728,63.0,D
2903,53.0,F
2935,54.0,F
584,93.0,A
1204,89.0,B
1743,90.0,A
2365,95.0,A
2831,91.0,A
2915,89.0,B
105,76.0,C
1274,71.0,C
1327,70.0,C
1760,74.0,C
2304,80.0,B
2847,84.0,B
1434,88.0,B
1996,76.0,C
1997,88.0,B
378,96.0,A
708,89.0,B
1475,81.0,B
1846,80.0,B
235,98.0,A
473,96.0,A
216,82.0,B
377,84.0,B
516,85.0,B
626,97.0,A
840,81.0,B
1161,85.0,B
2288,81.0,B
2855,96.0,A
109,67.0,D
325,68.0,D
520,61.0,D
1276,59.0,F
1469,67.0,D
262,91.0,A
768,93.0,A
1423,93.0,A
416,54.0,F
422,71.0,C
490,56.0,F
528,68.0,D
819,63.0,D
928,58.0,F
1912,63.0,D
2780,67.0,D
2906,67.0,D
405,80.0,B
670,84.0,B
1864,69.0,D
2493,83.0,B
355,81.0,B
1183,87.0,B
1408,71.0,C
1579,73.0,C
2153,83.0,B
2516,83.0,B
2524,86.0,B
2797,78.0,C
544,98.0,A
822,93.0,A
1112,79.0,C
2363,78.0,C
2583,81.0,B
650,54.0,F
1211,61.0,D
1962,58.0,F
2551,53.0,F
35,90.0,A
493,96.0,A
672,91.0,A
1508,100.0,A
2260,100.0,A
85,63.0,D
1789,68.0,D
2503,53.0,F
2843,71.0,C
496,87.0,B
1858,96.0,A
2541,88.0,B
284,82.0,B
394,97.0,A
1143,83.0,B
2816,91.0,A
2192,78.0,C
2997,72.0,C
198,90.0,A
409,88.0,B
1937,92.0,A
2714,90.0,A
113,88.0,B
867,90.0,A
1071,78.0,C
1414,79.0,C
1427,78.0,C
293,90.0,A
1705,79.0,C
2317,90.0,A
81,74.0,C
766,72.0,C
1246,77.0,C
2648,68.0,D
148,92.0,A
1825,94.0,A
2464,91.0,A
2627,79.0,C
2752,79.0,C
617,64.0,D
2181,62.0,D
2445,77.0,C
2485,77.0,C
538,80.0,B
1139,84.0,B
1404,76.0,C
847,98.0,A
2157,92.0,A
2331,79.0,C
2473,81.0,B
471,53.0,F
1405,60.0,D
1758,59.0,F
1873,53.0,F
1999,66.0,D
2173,65.0,D
1869,66.0,D
2007,69.0,D
2378,63.0,D
2655,60.0,D
2697,52.0,F
861,95.0,A
1120,100.0,A
1442,99.0,A
1910,87.0,B
2305,100.0,A
2547,100.0,A
754,100.0,A
1559,91.0,A
2042,82.0,B
2751,90.0,A
218,87.0,B
1087,92.0,A
1203,83.0,B
1624,93.0,A
1865,84.0,B
2213,93.0,A
2292,77.0,C
510,87.0,B
692,86.0,B
700,78.0,C
2085,97.0,A
2846,93.0,A
1382,84.0,B
2421,81.0,B
2523,81.0,B
2717,83.0,B
84,83.0,B
950,87.0,B
1667,80.0,B
1762,79.0,C
2282,68.0,D
299,68.0,D
304,70.0,C
1605,68.0,D
2097,78.0,C
2124,83.0,B
2416,85.0,B
2437,88.0,B
2559,83.0,B
2787,71.0,C
385,72.0,C
812,85.0,B
868,70.0,C
873,82.0,B
1332,78.0,C
1380,76.0,C
1598,88.0,B
2112,68.0,D
2371,71.0,C
2389,73.0,C
1874,70.0,C
310,94.0,A
736,81.0,B
1126,95.0,A
1625,96.0,A
1688,91.0,A
1847,79.0,C
2159,88.0,B
2815,87.0,B
452,83.0,B
723,76.0,C
2233,88.0,B
2946,81.0,B
1746,86.0,B
1860,90.0,A
2628,95.0,A
542,81.0,B
1265,81.0,B
1447,80.0,B
2598,72.0,C
895,81.0,B
1069,96.0,A
1826,79.0,C
1892,92.0,A
2379,79.0,C
459,93.0,A
731,88.0,B
774,87.0,B
1894,94.0,A
2199,95.0,A
1109,94.0,A
1526,82.0,B
2383,85.0,B
1558,77.0,C
2565,91.0,A
2645,87.0,B
2736,77.0,C
2880,88.0,B
645,89.0,B
2325,90.0,A
2358,81.0,B
2548,99.0,A
397,99.0,A
1511,84.0,B
1513,90.0,A
2474,88.0,B
567,72.0,C
1271,72.0,C
1338,76.0,C
1392,89.0,B
2320,80.0,B
2626,75.0,C
2659,76.0,C
2753,82.0,B
2999,80.0,B
2306,82.0,B
67,80.0,B
1169,88.0,B
1470,76.0,C
1843,95.0,A
2374,95.0,A
2878,77.0,C
145,99.0,A
295,96.0,A
1061,82.0,B
1741,84.0,B
2259,83.0,B
128,86.0,B
270,78.0,C
384,74.0,C
1364,70.0,C
1374,70.0,C
2812,73.0,C
26,84.0,B
353,84.0,B
773,92.0,A
1298,82.0,B
2793,98.0,A
780,97.0,A
837,84.0,B
1436,89.0,B
360,85.0,B
876,87.0,B
2118,86.0,B
411,85.0,B
914,84.0,B
1969,84.0,B
2651,83.0,B
271,79.0,C
1034,88.0,B
2029,77.0,C
2308,78.0,C
2690,72.0,C
2854,83.0,B
337,82.0,B
1059,94.0,A
1972,89.0,B
2086,100.0,A
2326,83.0,B
2676,100.0,A
106,59.0,F
907,69.0,D
1745,78.0,C
2249,65.0,D
2969,72.0,C
55,88.0,B
1402,84.0,B
1712,100.0,A
2079,87.0,B
2535,100.0,A
2970,100.0,A
1808,70.0,C
2634,70.0,C
952,93.0,A
1723,96.0,A
1803,82.0,B
2683,94.0,A
65,65.0,D
805,62.0,D
1264,68.0,D
2494,59.0,F
2661,63.0,D
2708,66.0,D
1830,65.0,D
1902,75.0,C
1979,69.0,D
2168,75.0,C
2604,63.0,D
2889,64.0,D
447,62.0,D
1210,73.0,C
1845,80.0,B
2000,63.0,D
2674,77.0,C
1771,76.0,C
1890,72.0,C
2333,68.0,D
2871,87.0,B
4,63.0,D
7,65.0,D
513,78.0,C
586,69.0,D
1166,59.0,F
1448,78.0,C
1593,62.0,D
1698,58.0,F
1731,74.0,C
2126,73.0,C
263,62.0,D
1322,72.0,C
1357,68.0,D
6,81.0,B
1523,80.0,B
1,62.0,D
863,71.0,C
1225,70.0,C
2115,74.0,C
2660,67.0,D
330,76.0,C
652,78.0,C
1128,78.0,C
1422,80.0,B
2340,79.0,C
2405,75.0,C
2469,90.0,A
2580,81.0,B
2671,88.0,B
619,91.0,A
1812,82.0,B
1882,93.0,A
710,71.0,C
2148,75.0,C
2456,76.0,C
241,83.0,B
253,100.0,A
266,87.0,B
268,92.0,A
930,58.0,F
1294,66.0,D
245,77.0,C
628,79.0,C
687,85.0,B
2420,81.0,B
2731,83.0,B
2874,72.0,C
191,55.0,F
479,68.0,D
1026,65.0,D
1336,67.0,D
1640,54.0,F
1935,64.0,D
2134,68.0,D
979,71.0,C
1258,56.0,F
34,88.0,B
772,95.0,A
1074,95.0,A
1435,97.0,A
1950,90.0,A
2506,95.0,A
2832,93.0,A
59,95.0,A
382,99.0,A
1529,99.0,A
211,92.0,A
359,92.0,A
1221,92.0,A
1340,91.0,A
14,75.0,C
280,62.0,D
1038,78.0,C
1868,65.0,D
2235,60.0,D
2927,68.0,D
137,71.0,C
297,66.0,D
478,75.0,C
961,64.0,D
1235,75.0,C
1754,66.0,D
1971,68.0,D
389,78.0,C
659,87.0,B
1217,89.0,B
1293,86.0,B
1372,71.0,C
2068,79.0,C
2206,76.0,C
2483,74.0,C
627,79.0,C
1495,72.0,C
1919,81.0,B
2277,72.0,C
2533,73.0,C
2657,76.0,C
342,64.0,D
525,69.0,D
1188,73.0,C
1313,76.0,C
204,90.0,A
1205,92.0,A
1532,91.0,A
60,87.0,B
402,86.0,B
807,88.0,B
994,82.0,B
1577,99.0,A
2588,80.0,B
686,87.0,B
901,83.0,B
1093,77.0,C
1375,81.0,B
1628,72.0,C
2883,90.0,A
885,80.0,B
1500,83.0,B
2526,87.0,B
2987,72.0,C
725,68.0,D
1445,66.0,D
1811,58.0,F
24,71.0,C
269,76.0,C
458,66.0,D
1492,73.0,C
2176,77.0,C
721,90.0,A
1100,78.0,C
2740,81.0,B
206,90.0,A
374,89.0,B
1381,96.0,A
1929,86.0,B
604,77.0,C
967,71.0,C
1036,74.0,C
1590,76.0,C
2393,77.0,C
322,86.0,B
1129,90.0,A
1200,88.0,B
1817,100.0,A
869,82.0,B
2028,87.0,B
2309,71.0,C
2388,72.0,C
2536,78.0,C
2591,80.0,B
2805,90.0,A
505,82.0,B
920,100.0,A
1386,94.0,A
1766,92.0,A
1876,92.0,A
2279,91.0,A
2366,100.0,A
666,100.0,A
1147,83.0,B
1496,96.0,A
1807,90.0,A
2707,93.0,A
118,99.0,A
122,96.0,A
314,80.0,B
1227,87.0,B
1351,83.0,B
1989,94.0,A
2910,86.0,B
2923,86.0,B
29,94.0,A
1908,83.0,B
2360,81.0,B
2468,90.0,A
2116,95.0,A
205,61.0,D
408,70.0,C
428,65.0,D
1412,77.0,C
1806,63.0,D
221,83.0,B
1110,83.0,B
1614,91.0,A
2229,82.0,B
2455,100.0,A
1669,76.0,C
2067,85.0,B
2419,89.0,B
2423,84.0,B
2638,88.0,B
2668,81.0,B
2367,99.0,A
2413,93.0,A
1782,65.0,D
2183,64.0,D
1320,87.0,B
2679,94.0,A
1931,84.0,B
1977,100.0,A
2470,98.0,A
485,78.0,C
1103,81.0,B
1275,78.0,C
1751,72.0,C
2052,74.0,C
2313,77.0,C
534,80.0,B
1287,88.0,B
2342,84.0,B
2515,68.0,D
2566,87.0,B
1198,66.0,D
1804,67.0,D
1963,74.0,C
2743,62.0,D
2858,65.0,D
630,94.0,A
2254,97.0,A
1176,68.0,D
1679,73.0,C
2954,88.0,B
1285,69.0,D
1675,81.0,B
1691,78.0,C
2064,81.0,B
154,78.0,C
379,91.0,A
438,87.0,B
580,90.0,A
622,76.0,C
1094,82.0,B
1196,79.0,C
1792,92.0,A
2114,85.0,B
2418,82.0,B
2597,94.0,A
1601,83.0,B
1827,97.0,A
1906,90.0,A
2212,97.0,A
2775,89.0,B
1216,88.0,B
1306,70.0,C
1838,70.0,C
2433,89.0,B
177,97.0,A
334,97.0,A
827,81.0,B
15,78.0,C
985,75.0,C
1693,82.0,B
1784,88.0,B
1822,85.0,B
2745,80.0,B
181,83.0,B
242,77.0,C
338,82.0,B
533,77.0,C
714,77.0,C
756,90.0,A
830,87.0,B
1509,81.0,B
10,77.0,C
720,93.0,A
1988,93.0,A
2956,81.0,B
2961,89.0,B
123,67.0,D
306,64.0,D
343,72.0,C
1056,75.0,C
2226,76.0,C
2791,71.0,C
521,88.0,B
969,82.0,B
1446,92.0,A
1933,85.0,B
460,72.0,C
676,67.0,D
811,70.0,C
2841,64.0,D
783,80.0,B
983,76.0,C
2866,90.0,A
188,99.0,A
240,88.0,B
308,95.0,A
2347,87.0,B
2015,88.0,B
2240,100.0,A
180,94.0,A
763,94.0,A
1029,89.0,B
2723,82.0,B
12,89.0,B
341,89.0,B
491,94.0,A
1361,97.0,A
2169,83.0,B
1552,86.0,B
1634,98.0,A
1925,87.0,B
640,79.0,C
996,77.0,C
2006,76.0,C
2879,90.0,A
251,81.0,B
1013,91.0,A
1142,86.0,B
131,88.0,B
697,80.0,B
2010,71.0,C
2223,71.0,C
824,86.0,B
1047,95.0,A
1549,80.0,B
1603,96.0,A
2543,95.0,A
2716,81.0,B
431,95.0,A
437,90.0,A
1020,95.0,A
2346,84.0,B
95,68.0,D
1537,77.0,C
2139,64.0,D
2593,78.0,C
689,87.0,B
2094,100.0,A
2228,95.0,A
477,87.0,B
553,83.0,B
841,86.0,B
1006,84.0,B
1125,96.0,A
1744,82.0,B
117,67.0,D
426,72.0,C
536,62.0,D
1709,65.0,D
2804,62.0,D
1163,72.0,C
1440,80.0,B
1592,83.0,B
2299,84.0,B
539,91.0,A
2377,96.0,A
2499,89.0,B
2713,82.0,B
2748,98.0,A
2749,95.0,A
853,81.0,B
352,81.0,B
461,76.0,C
1160,67.0,D
2672,68.0,D
61,84.0,B
998,68.0,D
1342,87.0,B
1706,71.0,C
89,77.0,C
276,74.0,C
1278,72.0,C
2687,71.0,C
2881,68.0,D
2967,71.0,C
1153,90.0,A
1252,98.0,A
2253,89.0,B
127,90.0,A
638,89.0,B
1389,93.0,A
1692,99.0,A
1867,94.0,A
978,82.0,B
1181,99.0,A
2784,96.0,A
174,75.0,C
904,66.0,D
2033,70.0,C
2076,59.0,F
2128,62.0,D
2145,64.0,D
2950,62.0,D
2339,94.0,A
2492,88.0,B
2993,98.0,A
758,100.0,A
1027,86.0,B
2177,95.0,A
2689,87.0,B
1661,58.0,F
2005,60.0,D
2642,54.0,F
43,80.0,B
173,85.0,B
1687,92.0,A
1739,87.0,B
2095,84.0,B
2248,90.0,A
2926,97.0,A
258,83.0,B
1725,94.0,A
2170,94.0,A
655,66.0,D
696,68.0,D
940,63.0,D
1230,64.0,D
1791,76.0,C
2194,58.0,F
19,88.0,B
2130,90.0,A
2227,96.0,A
647,78.0,C
957,87.0,B
2538,89.0,B
2590,79.0,C
2875,79.0,C
442,60.0,D
646,70.0,C
803,72.0,C
120,76.0,C
1064,81.0,B
2530,95.0,A
2600,82.0,B
